/*
SQLyog Enterprise v12.09 (64 bit)
MySQL - 8.0.33 : Database - wuyun-blog
*********************************************************************
*/


/*!40101 SET NAMES utf8 */;

/*!40101 SET SQL_MODE=''*/;

/*!40014 SET @OLD_UNIQUE_CHECKS=@@UNIQUE_CHECKS, UNIQUE_CHECKS=0 */;
/*!40014 SET @OLD_FOREIGN_KEY_CHECKS=@@FOREIGN_KEY_CHECKS, FOREIGN_KEY_CHECKS=0 */;
/*!40101 SET @OLD_SQL_MODE=@@SQL_MODE, SQL_MODE='NO_AUTO_VALUE_ON_ZERO' */;
/*!40111 SET @OLD_SQL_NOTES=@@SQL_NOTES, SQL_NOTES=0 */;
CREATE DATABASE /*!32312 IF NOT EXISTS*/`wuyun-blog` /*!40100 DEFAULT CHARACTER SET utf8mb4 COLLATE utf8mb4_0900_ai_ci */ /*!80016 DEFAULT ENCRYPTION='N' */;

USE `wuyun-blog`;

/*Table structure for table `b_album` */

DROP TABLE IF EXISTS `b_album`;

CREATE TABLE `b_album` (
  `id` int NOT NULL AUTO_INCREMENT COMMENT '相册id',
  `album_name` varchar(20) CHARACTER SET utf8mb4 COLLATE utf8mb4_0900_ai_ci NOT NULL COMMENT '相册名',
  `album_cover` varchar(255) CHARACTER SET utf8mb4 COLLATE utf8mb4_0900_ai_ci NOT NULL COMMENT '相册封面',
  `album_desc` varchar(50) CHARACTER SET utf8mb4 COLLATE utf8mb4_0900_ai_ci NOT NULL COMMENT '相册描述',
  `status` tinyint(1) NOT NULL DEFAULT '1' COMMENT '状态 (1公开 2私密)',
  `create_time` datetime NOT NULL COMMENT '创建时间',
  `update_time` datetime DEFAULT NULL COMMENT '更新时间',
  PRIMARY KEY (`id`) USING BTREE
) ENGINE=InnoDB AUTO_INCREMENT=2 DEFAULT CHARSET=utf8mb4 COLLATE=utf8mb4_0900_ai_ci ROW_FORMAT=DYNAMIC;

/*Data for the table `b_album` */

/*Table structure for table `b_article` */

DROP TABLE IF EXISTS `b_article`;

CREATE TABLE `b_article` (
  `id` int NOT NULL AUTO_INCREMENT COMMENT '文章id',
  `user_id` int NOT NULL COMMENT '作者id',
  `category_id` int NOT NULL COMMENT '分类id',
  `article_cover` varchar(1024) CHARACTER SET utf8mb4 COLLATE utf8mb4_0900_ai_ci NOT NULL COMMENT '缩略图',
  `article_title` varchar(50) CHARACTER SET utf8mb4 COLLATE utf8mb4_0900_ai_ci NOT NULL COMMENT '文章标题',
  `article_content` longtext CHARACTER SET utf8mb4 COLLATE utf8mb4_0900_ai_ci NOT NULL COMMENT '文章内容',
  `article_type` tinyint(1) NOT NULL DEFAULT '1' COMMENT '类型 (1原创 2转载 3翻译)',
  `is_top` tinyint(1) NOT NULL DEFAULT '0' COMMENT '是否置顶 (0否 1是）',
  `is_delete` tinyint(1) NOT NULL DEFAULT '0' COMMENT '是否删除 (0否 1是)',
  `is_recommend` tinyint(1) NOT NULL DEFAULT '0' COMMENT '是否推荐 (0否 1是)',
  `status` tinyint(1) NOT NULL DEFAULT '1' COMMENT '状态 (1公开 2私密 3评论可见)',
  `create_time` datetime NOT NULL COMMENT '发表时间',
  `update_time` datetime DEFAULT NULL COMMENT '更新时间',
  PRIMARY KEY (`id`) USING BTREE
) ENGINE=InnoDB AUTO_INCREMENT=15 DEFAULT CHARSET=utf8mb4 COLLATE=utf8mb4_0900_ai_ci ROW_FORMAT=DYNAMIC;

/*Data for the table `b_article` */

insert  into `b_article`(`id`,`user_id`,`category_id`,`article_cover`,`article_title`,`article_content`,`article_type`,`is_top`,`is_delete`,`is_recommend`,`status`,`create_time`,`update_time`) values (13,1,1,'http://127.0.0.1:8800/article/ee090b261080f0cb28732332b53fb074.jpg','测试文章','# 字符效果\n\n- ~~删除线~~ <s>删除线（开启识别 HTML 标签时）</s>\n\n- _斜体字_ _斜体字_\n- **粗体** **粗体**\n- **_粗斜体_** **_粗斜体_**\n\n- 上标：X<sub>2</sub>，下标：O<sup>2</sup>\n\n- ==高亮==\n\n- `Inline Code`\n\n> 引用：如果想要插入空白换行（即 `<br>` 标签），在插入处先键入两个以上的空格然后回车即可\n\n# 超链接\n\n- [普通链接](https://darkx.cloud)\n- [_斜体链接_](https://darkx.cloud)\n- [**粗体链接**](https://darkx.cloud)\n\n# 脚注\n\n这是一个简单的脚注 [^1] 而这是一个更长的脚注 [^bignote].\n\n[^1]: 这是第一个脚注.\n[^bignote]: 这是一个非常长长长长长长长长长长长长长长长长长长长长长长长长长长长长长长长长长长长长长长长长长长长长长长长长长长长长长长长长长长长长长长的脚注.\n\n# 图像\n\n下面是一张我家猫的图片:\n![岁岁](http://127.0.0.1:8800/article/d9c9f621b158785be4b0bf5fade61a3c.JPG)\n再来两张好了：\n![岁岁](http://127.0.0.1:8800/article/44838a1883ca79d466a1bba242f138f1.JPG)\n![岁岁](http://127.0.0.1:8800/article/dc8e111b3702a7649fe88639c16e4a2a.JPG)\n\n\n\n# 代码\n\n## 行内代码\n\n在 VS Code 中按下 <kbd>Alt</kbd> + <kbd>T</kbd> + <kbd>R</kbd> 执行命令：`npm install marked`\n\n## 代码片\n\n### Python 代码\n\n```python\nclass Animal:\n    \"\"\" 动物类 \"\"\"\n\n    def __init__(self, age: int, name: str):\n        self.age = age\n        self.name = name\n\n    def getInfo(self) -> str:\n        \"\"\" 返回信息 \"\"\"\n        return f\'age: {self.age}; name: {self.name}\'\n\n\nclass Dog(Animal):\n    \"\"\" 狗狗类 \"\"\"\n\n    def __init__(self, age: int, name: str, gender=\'female\', color=\'white\'):\n        super().__init__(age, name)\n        self.gender = gender\n        self.__color = color\n\n    def bark(self):\n        \"\"\" 狗叫 \"\"\"\n        print(\'lololo\')\n\n    @property\n    def color(self):\n        return self.__color\n\n    @color.setter\n    def color(self, color: str):\n        if color not in [\'red\', \'white\', \'black\']:\n            raise ValueError(\'颜色不符合要求\')\n        self.__color = color\n\n\nif __name__ == \'__main__\':\n    dog = Dog(16, \'啸天\', gender=\'male\')\n    # 狗叫\n    dog.bark()\n    # 设置狗狗毛色\n    dog.color = \'blue\'\n```\n\n### HTML 代码\n\n```html\n<!DOCTYPE html>\n<html>\n    <head>\n        <mate charest=\"utf-8\" />\n        <title>Hello world!</title>\n    </head>\n    <body>\n        <h1>Hello world!</h1>\n    </body>\n</html>\n```\n\n# 列表\n\n## 无序列表\n\n- 福建\n  - 厦门\n  - 福州\n- 浙江\n- 江苏\n\n## 有序列表\n\n1. 动物\n   1. 人类\n   2. 犬类\n2. 植物\n3. 微生物\n\n## 任务列表\n\n- [x] 预习计算机网络\n- [ ] 复习现代控制理论\n- [ ] 刷现代控制理论历年卷\n  - [ ] 2019 年期末试卷\n  - [ ] 2020 年期末试卷\n\n# 表格\n\n| 项目   |  价格 | 数量 |\n| ------ | ----: | :--: |\n| 计算机 | $1600 |  5   |\n| 手机   |   $12 |  12  |\n| 管线   |    $1 | 234  |\n\n---\n\n# 特殊符号\n\n&copy; & &uml; &trade; &iexcl; &pound;\n&amp; &lt; &gt; &yen; &euro; &reg; &plusmn; &para; &sect; &brvbar; &macr; &laquo; &middot;\n\nX&sup2; Y&sup3; &frac34; &frac14; &times; &divide; &raquo;\n\n18&ordm;C &quot; &apos;\n\n# Emoji 表情 ?\n\n- 马：?\n- 星星：✨\n- 笑脸：?\n- 跑步：?‍\n\n# 数学公式\n\n行间公式：\n$\\sin(\\alpha)^{\\theta}=\\sum_{i=0}^{n}(x^i + \\cos(f))$\n行内公式 $E=mc^2$\n\n# Tip提示\n\n::: tip\n  在此输入内容\n:::\n::: warning\n  在此输入内容\n:::\n::: danger\n  在此输入内容\n:::\n::: details\n  内容\n:::',1,0,0,0,1,'2023-05-19 00:46:23','2023-05-19 02:20:31'),(14,1,10,'http://127.0.0.1:8800/article/67296b13433ec75e7b331d8bc45999f6.jpg','项目介绍','## 博客介绍\n\n<p style=\"text-align: center\">\n   基于Springboot + Vue3 开发的前后端分离博客\n</p>\n\n<p style=\"text-align: center\">\n   <a target=\"_blank\" href=\"https://github.com/ICAN1999/blog\">\n      <img src=\"https://img.shields.io/badge/JDK-8-green\"/>\n      <img src=\"https://img.shields.io/badge/springboot-2.6.14-green\"/>\n      <img src=\"https://img.shields.io/badge/saToken-1.34.0-green\"/>\n      <img src=\"https://img.shields.io/badge/vue-3.x-green\"/>\n      <img src=\"https://img.shields.io/badge/mysql-8.0.27-green\"/>\n      <img src=\"https://img.shields.io/badge/mybatis--plus-3.5.2-green\"/>\n      <img src=\"https://img.shields.io/badge/redis-6.2.6-green\"/>\n      <img src=\"https://img.shields.io/badge/elasticsearch-7.17.3-green\"/>\n      <img src=\"https://img.shields.io/badge/rabbitmq-3.9.11-green\"/>\n   </a>\n</p>\n\n## 在线地址\n\n**项目链接：** \n\n**后台链接：** \n\n**测试账号：** test@qq.com，**密码**：123456\n\n**Github 地址：** \n\n**Gitee 地址：** \n\n**接口文档：** \n\n## 本地运行\n\n1. SQL 文件位于根目录下的`blog.sql`，将其中的数据导入到自己本地数据库中\n2. ES 映射文件位于`deploy`文件夹下\n3. 修改后端配置文件中的数据库等连接信息，项目中使用到的关于阿里云、腾讯云功能和第三方授权登录等需要自行开通\n4. 一定要将前端`shoka-admin`和`shoka-blog`的 utils 下的 token.ts 中的`{ domain: domain }`给删除，然后再`npm install`、`npm run dev`\n5. 项目启动后，使用`admin@qq.com`管理员账号登录后台，密码为`123456`\n\n## 项目特点\n\n- 前台界面参考 Hexo 的 Shoka 和 Butterfly 设计，页面美观，响应式布局\n- 后台管理基于若依二次开发，含有侧边栏，历史标签，面包屑等\n- 前后端分离，Docker Compose 一键部署\n- 采用 RABC 权限模型，使用 Sa-Token 进行权限管理\n- 支持动态权限修改、动态菜单和路由\n- 说说、友链、相册、留言弹幕墙、音乐播放器\n- 支持代码高亮、图片预览、黑夜模式、点赞、取消点赞等功能\n- 发布评论、回复评论、表情包\n- 发送 HTML 邮件评论回复提醒，内容详细\n- 接入第三方登录，减少注册成本\n- 文章搜索支持关键字高亮分词\n- 文章编辑使用 Markdown 编辑器\n- 含有最新评论、文章目录、文章推荐和文章置顶功能\n- 实现日志管理、定时任务管理、在线用户和下线用户\n- 代码支持多种搜索模式（Elasticsearch 或 MYSQL），支持多种文件上传模式（OSS、COS、本地）\n- 采用 Restful 风格的 API，注释完善，代码遵循阿里巴巴开发规范，有利于开发者学习\n\n## 技术介绍\n\n**前端：** Vue3 + Pinia + Vue Router + TypeScript + Axios + Element Plus + Naive UI + Echarts + Swiper\n\n**后端：** SpringBoot + Mysql + Redis + Quartz + Thymeleaf + Nginx + Docker + Sa-Token + Swagger2 + MyBatisPlus + ElasticSearch + RabbitMQ + Canal\n\n**其他：** 接入 QQ、Gitee、Github 第三方登录\n\n## 运行环境\n\n**服务器：** 腾讯云 2 核 4G CentOS7.6\n\n**对象存储：** 阿里云 OSS、腾讯云 COS\n\n**最低配置：** 2 核 2G 服务器（关闭 ElasticSearch）\n\n## 开发环境\n\n| 开发工具              | 说明               |\n| --------------------- | ------------------ |\n| IDEA                  | Java 开发工具 IDE  |\n| VSCode                | Vue 开发工具 IDE   |\n| SQLyog               | MySQL 远程连接工具 |\n| Redis Desktop Manager | Redis 远程连接工具 |\n| finalshell                | Linux 远程连接工具 |\n\n| 开发环境      | 版本   |\n| ------------- | ------ |\n| OpenJDK       | 8     |\n| MySQL         | 8.0.27 |\n| Redis         | 6.2.6  |\n| Elasticsearch | 7.17.3 |\n| RabbitMQ      | 3.9.11 |\n\n## 项目截图\n\n\n\n## 项目总结\n\n开发过程中参考了很多优秀的开源项目，在这里感谢大家的开源项目，收获了很多\n\n鸣谢项目：\n\n- **[阿东掐指yi算’逢考必过](https://gitee.com/wu_shengdong/blog)**\n- **[hexo-theme-shoka](https://github.com/amehime/hexo-theme-shoka)**\n- [A Hexo Theme: Butterfly](https://github.com/jerryc127/hexo-theme-butterfly)\n- [RuoYi-Vue](https://gitee.com/y_project/RuoYi-Vue)\n- [vue3-element-admin](https://github.com/youlaitech/vue3-element-admin)\n- [基于 Vue.js 的弹幕交互组件](https://github.com/hellodigua/vue-danmaku)\n- ...',1,1,0,1,1,'2023-05-19 01:24:07','2023-05-19 02:15:25');

/*Table structure for table `b_article_tag` */

DROP TABLE IF EXISTS `b_article_tag`;

CREATE TABLE `b_article_tag` (
  `id` int NOT NULL AUTO_INCREMENT COMMENT '主键',
  `article_id` int NOT NULL COMMENT '文章id',
  `tag_id` int NOT NULL COMMENT '标签id',
  PRIMARY KEY (`id`) USING BTREE
) ENGINE=InnoDB AUTO_INCREMENT=175 DEFAULT CHARSET=utf8mb4 COLLATE=utf8mb4_0900_ai_ci ROW_FORMAT=DYNAMIC;

/*Data for the table `b_article_tag` */

insert  into `b_article_tag`(`id`,`article_id`,`tag_id`) values (172,14,20),(174,13,16);

/*Table structure for table `b_blog_file` */

DROP TABLE IF EXISTS `b_blog_file`;

CREATE TABLE `b_blog_file` (
  `id` int NOT NULL AUTO_INCREMENT COMMENT '文件id',
  `file_url` varchar(255) CHARACTER SET utf8mb4 COLLATE utf8mb4_0900_ai_ci DEFAULT NULL COMMENT '文件url',
  `file_name` varchar(100) CHARACTER SET utf8mb4 COLLATE utf8mb4_0900_ai_ci NOT NULL COMMENT '文件名',
  `file_size` int NOT NULL DEFAULT '0' COMMENT '文件大小',
  `extend_name` varchar(20) CHARACTER SET utf8mb4 COLLATE utf8mb4_0900_ai_ci NOT NULL DEFAULT '' COMMENT '文件类型',
  `file_path` varchar(255) CHARACTER SET utf8mb4 COLLATE utf8mb4_0900_ai_ci NOT NULL COMMENT '文件路径',
  `is_dir` tinyint(1) NOT NULL DEFAULT '0' COMMENT '是否为目录 (0否 1是)',
  `create_time` datetime NOT NULL COMMENT '创建时间',
  `update_time` datetime DEFAULT NULL COMMENT '更新时间',
  PRIMARY KEY (`id`) USING BTREE
) ENGINE=InnoDB AUTO_INCREMENT=57 DEFAULT CHARSET=utf8mb4 COLLATE=utf8mb4_0900_ai_ci ROW_FORMAT=DYNAMIC;

/*Data for the table `b_blog_file` */

insert  into `b_blog_file`(`id`,`file_url`,`file_name`,`file_size`,`extend_name`,`file_path`,`is_dir`,`create_time`,`update_time`) values (7,NULL,'article',0,'','/',1,'2023-05-14 00:15:15',NULL),(16,NULL,'photo',0,'','/',1,'2023-05-14 00:29:46',NULL),(17,NULL,'config',0,'','/',1,'2023-05-14 00:29:52',NULL),(18,NULL,'talk',0,'','/',1,'2023-05-14 00:30:06',NULL),(26,'https://darkclouds.oss-cn-hangzhou.aliyuncs.com/config/d475e0df4536699dcb23ef539d63bb74.jpg','d475e0df4536699dcb23ef539d63bb74',45118,'jpg','/config',0,'2023-05-14 00:54:21',NULL),(40,'http://127.0.0.1:8800/config/2dae97d7934e986c6140caba7b9b5e3a.jpg','2dae97d7934e986c6140caba7b9b5e3a',46378,'jpg','/config',0,'2023-05-14 21:00:44',NULL),(41,'http://127.0.0.1:8800/config/d3a76a747053cfac81e6e9f21595b243.png','d3a76a747053cfac81e6e9f21595b243',109283,'png','/config',0,'2023-05-14 21:15:12',NULL),(42,'http://127.0.0.1:8800//config/b2cd1c6ba60eaaffe6172f15bedabcf4.jpg','b2cd1c6ba60eaaffe6172f15bedabcf4',40946,'jpg','/config',0,'2023-05-14 21:36:20',NULL),(43,'http://127.0.0.1:8800/article/67296b13433ec75e7b331d8bc45999f6.jpg','67296b13433ec75e7b331d8bc45999f6',97381,'jpg','/article',0,'2023-05-15 15:53:15',NULL),(44,'http://127.0.0.1:8800/talk/67296b13433ec75e7b331d8bc45999f6.jpg','67296b13433ec75e7b331d8bc45999f6',97381,'jpg','/talk',0,'2023-05-16 21:09:04',NULL),(46,'http://127.0.0.1:8800/talk/33ad51ddb02f8cfdc7bb9e2160cb8431.jpg','33ad51ddb02f8cfdc7bb9e2160cb8431',46283,'jpg','/talk',0,'2023-05-16 21:09:59',NULL),(47,'http://127.0.0.1:8800/talk/2fc43ed225b30c6d3a23ac169a3a25d0.jpg','2fc43ed225b30c6d3a23ac169a3a25d0',32679,'jpg','/talk',0,'2023-05-16 21:13:12',NULL),(48,'http://127.0.0.1:8800/talk/6857a4d477f93e2dd86f407b1beed8d2.png','6857a4d477f93e2dd86f407b1beed8d2',215196,'png','/talk',0,'2023-05-16 21:39:55',NULL),(49,'http://127.0.0.1:8800/photo/67296b13433ec75e7b331d8bc45999f6.jpg','67296b13433ec75e7b331d8bc45999f6',97381,'jpg','/photo',0,'2023-05-17 10:29:13',NULL),(50,'http://127.0.0.1:8800/photo/2fc43ed225b30c6d3a23ac169a3a25d0.jpg','2fc43ed225b30c6d3a23ac169a3a25d0',32679,'jpg','/photo',0,'2023-05-17 11:11:05',NULL),(51,'http://127.0.0.1:8800/article/d3a76a747053cfac81e6e9f21595b243.png','d3a76a747053cfac81e6e9f21595b243',109283,'png','/article',0,'2023-05-17 15:10:56',NULL),(52,'http://127.0.0.1:8800/article/ee090b261080f0cb28732332b53fb074.jpg','ee090b261080f0cb28732332b53fb074',204810,'jpg','/article',0,'2023-05-19 02:16:06',NULL),(53,'http://127.0.0.1:8800/article/d9c9f621b158785be4b0bf5fade61a3c.JPG','d9c9f621b158785be4b0bf5fade61a3c',1314771,'JPG','/article',0,'2023-05-19 02:19:02',NULL),(54,'http://127.0.0.1:8800/article/44838a1883ca79d466a1bba242f138f1.JPG','44838a1883ca79d466a1bba242f138f1',2117537,'JPG','/article',0,'2023-05-19 02:19:33',NULL),(55,'http://127.0.0.1:8800/article/dc8e111b3702a7649fe88639c16e4a2a.JPG','dc8e111b3702a7649fe88639c16e4a2a',1412723,'JPG','/article',0,'2023-05-19 02:19:58',NULL),(56,'http://127.0.0.1:8800//photo/2f8abc60fca5bbe72fc9a1412206beac.JPG','2f8abc60fca5bbe72fc9a1412206beac',194657,'JPG','/photo',0,'2023-05-19 18:33:56',NULL);

/*Table structure for table `b_category` */

DROP TABLE IF EXISTS `b_category`;

CREATE TABLE `b_category` (
  `id` int NOT NULL AUTO_INCREMENT COMMENT '分类id',
  `category_name` varchar(20) CHARACTER SET utf8mb4 COLLATE utf8mb4_0900_ai_ci NOT NULL COMMENT '分类名',
  `create_time` datetime NOT NULL COMMENT '创建时间',
  `update_time` datetime DEFAULT NULL COMMENT '更新时间',
  PRIMARY KEY (`id`) USING BTREE,
  UNIQUE KEY `category_name` (`category_name`)
) ENGINE=InnoDB AUTO_INCREMENT=11 DEFAULT CHARSET=utf8mb4 COLLATE=utf8mb4_0900_ai_ci ROW_FORMAT=DYNAMIC;

/*Data for the table `b_category` */

insert  into `b_category`(`id`,`category_name`,`create_time`,`update_time`) values (1,'测试分类','2023-05-15 11:19:05',NULL),(10,'项目','2023-05-15 12:58:46',NULL);

/*Table structure for table `b_comment` */

DROP TABLE IF EXISTS `b_comment`;

CREATE TABLE `b_comment` (
  `id` int NOT NULL AUTO_INCREMENT COMMENT '评论id',
  `comment_type` tinyint(1) NOT NULL COMMENT '类型 (1文章 2友链 3说说)',
  `type_id` int DEFAULT NULL COMMENT '类型id (类型为友链则没有值)',
  `parent_id` int DEFAULT NULL COMMENT '父评论id',
  `reply_id` int DEFAULT NULL COMMENT '回复评论id',
  `comment_content` text CHARACTER SET utf8mb4 COLLATE utf8mb4_0900_ai_ci NOT NULL COMMENT '评论内容',
  `from_uid` int NOT NULL COMMENT '评论用户id',
  `to_uid` int DEFAULT NULL COMMENT '回复用户id',
  `is_check` tinyint(1) NOT NULL DEFAULT '1' COMMENT '是否通过 (0否 1是)',
  `create_time` datetime NOT NULL COMMENT '评论时间',
  `update_time` datetime DEFAULT NULL COMMENT '更新时间',
  PRIMARY KEY (`id`) USING BTREE
) ENGINE=InnoDB AUTO_INCREMENT=5 DEFAULT CHARSET=utf8mb4 COLLATE=utf8mb4_0900_ai_ci ROW_FORMAT=DYNAMIC;

/*Data for the table `b_comment` */

insert  into `b_comment`(`id`,`comment_type`,`type_id`,`parent_id`,`reply_id`,`comment_content`,`from_uid`,`to_uid`,`is_check`,`create_time`,`update_time`) values (1,1,13,NULL,NULL,'测试评论<img src= \'https://darkx.cloud/emoji/dai.png\' width=\'21\' height=\'21\' style=\'margin: 0 1px;vertical-align: text-bottom\'/>',1,NULL,1,'2023-05-21 22:17:14',NULL),(2,1,13,1,1,'测试子评论',1,1,1,'2023-05-21 22:17:25',NULL),(3,1,13,1,2,'ok',1,1,1,'2023-05-21 22:17:34',NULL),(4,3,5,NULL,NULL,'测试评论说说',1,NULL,1,'2023-05-21 22:24:13',NULL);

/*Table structure for table `b_exception_log` */

DROP TABLE IF EXISTS `b_exception_log`;

CREATE TABLE `b_exception_log` (
  `id` int NOT NULL AUTO_INCREMENT COMMENT '异常id',
  `module` varchar(20) CHARACTER SET utf8mb4 COLLATE utf8mb4_0900_ai_ci NOT NULL COMMENT '异常模块',
  `uri` varchar(255) CHARACTER SET utf8mb4 COLLATE utf8mb4_0900_ai_ci NOT NULL COMMENT '异常uri',
  `name` varchar(255) CHARACTER SET utf8mb4 COLLATE utf8mb4_0900_ai_ci NOT NULL COMMENT '异常名称',
  `description` varchar(255) CHARACTER SET utf8mb4 COLLATE utf8mb4_0900_ai_ci NOT NULL COMMENT '操作描述',
  `error_method` varchar(255) CHARACTER SET utf8mb4 COLLATE utf8mb4_0900_ai_ci NOT NULL COMMENT '异常方法',
  `message` longtext CHARACTER SET utf8mb4 COLLATE utf8mb4_0900_ai_ci NOT NULL COMMENT '异常信息',
  `params` longtext CHARACTER SET utf8mb4 COLLATE utf8mb4_0900_ai_ci NOT NULL COMMENT '请求参数',
  `request_method` varchar(20) CHARACTER SET utf8mb4 COLLATE utf8mb4_0900_ai_ci NOT NULL COMMENT '请求方式',
  `ip_address` varchar(50) CHARACTER SET utf8mb4 COLLATE utf8mb4_0900_ai_ci NOT NULL COMMENT '操作ip',
  `ip_source` varchar(50) CHARACTER SET utf8mb4 COLLATE utf8mb4_0900_ai_ci NOT NULL COMMENT '操作地址',
  `os` varchar(50) CHARACTER SET utf8mb4 COLLATE utf8mb4_0900_ai_ci NOT NULL COMMENT '操作系统',
  `browser` varchar(50) CHARACTER SET utf8mb4 COLLATE utf8mb4_0900_ai_ci NOT NULL COMMENT '浏览器',
  `create_time` datetime NOT NULL COMMENT '操作时间',
  PRIMARY KEY (`id`) USING BTREE
) ENGINE=InnoDB AUTO_INCREMENT=8 DEFAULT CHARSET=utf8mb4 COLLATE=utf8mb4_0900_ai_ci ROW_FORMAT=DYNAMIC;

/*Data for the table `b_exception_log` */

insert  into `b_exception_log`(`id`,`module`,`uri`,`name`,`description`,`error_method`,`message`,`params`,`request_method`,`ip_address`,`ip_source`,`os`,`browser`,`create_time`) values (1,'登录模块','/oauth/gitee','org.springframework.dao.DuplicateKeyException','Gitee登录','com.wuyun.controller.LoginController.giteeLogin','org.springframework.dao.DuplicateKeyException:\r\n### Error updating database.  Cause: java.sql.SQLIntegrityConstraintViolationException: Duplicate entry \'乌云\' for key \'b_user.nickname\'\r\n### The error may exist in com/wuyun/mapper/UserMapper.java (best guess)\r\n### The error may involve com.wuyun.mapper.UserMapper.insert-Inline\r\n### The error occurred while setting parameters\r\n### SQL: INSERT INTO b_user  ( nickname, username, password, avatar,      login_type,   create_time )  VALUES  ( ?, ?, ?, ?,      ?,   ? )\r\n### Cause: java.sql.SQLIntegrityConstraintViolationException: Duplicate entry \'乌云\' for key \'b_user.nickname\'\n; Duplicate entry \'乌云\' for key \'b_user.nickname\'; nested exception is java.sql.SQLIntegrityConstraintViolationException: Duplicate entry \'乌云\' for key \'b_user.nickname\'\norg.springframework.jdbc.support.SQLErrorCodeSQLExceptionTranslator.doTranslate(SQLErrorCodeSQLExceptionTranslator.java:243)\norg.springframework.jdbc.support.AbstractFallbackSQLExceptionTranslator.translate(AbstractFallbackSQLExceptionTranslator.java:72)\norg.mybatis.spring.MyBatisExceptionTranslator.translateExceptionIfPossible(MyBatisExceptionTranslator.java:91)\norg.mybatis.spring.SqlSessionTemplate$SqlSessionInterceptor.invoke(SqlSessionTemplate.java:441)\ncom.sun.proxy.$Proxy127.insert(Unknown Source)\norg.mybatis.spring.SqlSessionTemplate.insert(SqlSessionTemplate.java:272)\ncom.baomidou.mybatisplus.core.override.MybatisMapperMethod.execute(MybatisMapperMethod.java:59)\ncom.baomidou.mybatisplus.core.override.MybatisMapperProxy$PlainMethodInvoker.invoke(MybatisMapperProxy.java:148)\ncom.baomidou.mybatisplus.core.override.MybatisMapperProxy.invoke(MybatisMapperProxy.java:89)\ncom.sun.proxy.$Proxy159.insert(Unknown Source)\nsun.reflect.NativeMethodAccessorImpl.invoke0(Native Method)\nsun.reflect.NativeMethodAccessorImpl.invoke(NativeMethodAccessorImpl.java:62)\nsun.reflect.DelegatingMethodAccessorImpl.invoke(DelegatingMethodAccessorImpl.java:43)\njava.lang.reflect.Method.invoke(Method.java:498)\norg.springframework.aop.support.AopUtils.invokeJoinpointUsingReflection(AopUtils.java:344)\norg.springframework.aop.framework.ReflectiveMethodInvocation.invokeJoinpoint(ReflectiveMethodInvocation.java:198)\norg.springframework.aop.framework.ReflectiveMethodInvocation.proceed(ReflectiveMethodInvocation.java:163)\norg.springframework.dao.support.PersistenceExceptionTranslationInterceptor.invoke(PersistenceExceptionTranslationInterceptor.java:139)\norg.springframework.aop.framework.ReflectiveMethodInvocation.proceed(ReflectiveMethodInvocation.java:186)\norg.springframework.aop.framework.JdkDynamicAopProxy.invoke(JdkDynamicAopProxy.java:212)\ncom.sun.proxy.$Proxy160.insert(Unknown Source)\ncom.wuyun.strategy.impl.AbstractLoginStrategyImpl.saveLoginUser(AbstractLoginStrategyImpl.java:89)\ncom.wuyun.strategy.impl.AbstractLoginStrategyImpl.login(AbstractLoginStrategyImpl.java:47)\ncom.wuyun.strategy.context.SocialLoginStrategyContext.executeLoginStrategy(SocialLoginStrategyContext.java:32)\ncom.wuyun.service.impl.LoginServiceImpl.giteeLogin(LoginServiceImpl.java:127)\ncom.wuyun.service.impl.LoginServiceImpl$$FastClassBySpringCGLIB$$e37345da.invoke(<generated>)\norg.springframework.cglib.proxy.MethodProxy.invoke(MethodProxy.java:218)\norg.springframework.aop.framework.CglibAopProxy$CglibMethodInvocation.invokeJoinpoint(CglibAopProxy.java:769)\norg.springframework.aop.framework.ReflectiveMethodInvocation.proceed(ReflectiveMethodInvocation.java:163)\norg.springframework.aop.framework.CglibAopProxy$CglibMethodInvocation.proceed(CglibAopProxy.java:747)\norg.springframework.transaction.interceptor.TransactionAspectSupport.invokeWithinTransaction(TransactionAspectSupport.java:366)\norg.springframework.transaction.interceptor.TransactionInterceptor.invoke(TransactionInterceptor.java:99)\norg.springframework.aop.framework.ReflectiveMethodInvocation.proceed(ReflectiveMethodInvocation.java:186)\norg.springframework.aop.framework.CglibAopProxy$CglibMethodInvocation.proceed(CglibAopProxy.java:747)\norg.springframework.aop.framework.CglibAopProxy$DynamicAdvisedInterceptor.intercept(CglibAopProxy.java:689)\ncom.wuyun.service.impl.LoginServiceImpl$$EnhancerBySpringCGLIB$$f1e6b3d4.giteeLogin(<generated>)\ncom.wuyun.controller.LoginController.giteeLogin(LoginController.java:92)\ncom.wuyun.controller.LoginController$$FastClassBySpringCGLIB$$22952d3a.invoke(<generated>)\norg.springframework.cglib.proxy.MethodProxy.invoke(MethodProxy.java:218)\norg.springframework.aop.framework.CglibAopProxy$CglibMethodInvocation.invokeJoinpoint(CglibAopProxy.java:769)\norg.springframework.aop.framework.ReflectiveMethodInvocation.proceed(ReflectiveMethodInvocation.java:163)\norg.springframework.aop.framework.CglibAopProxy$CglibMethodInvocation.proceed(CglibAopProxy.java:747)\norg.springframework.aop.aspectj.AspectJAfterThrowingAdvice.invoke(AspectJAfterThrowingAdvice.java:62)\norg.springframework.aop.framework.ReflectiveMethodInvocation.proceed(ReflectiveMethodInvocation.java:186)\norg.springframework.aop.framework.CglibAopProxy$CglibMethodInvocation.proceed(CglibAopProxy.java:747)\norg.springframework.aop.interceptor.ExposeInvocationInterceptor.invoke(ExposeInvocationInterceptor.java:95)\norg.springframework.aop.framework.ReflectiveMethodInvocation.proceed(ReflectiveMethodInvocation.java:186)\norg.springframework.aop.framework.CglibAopProxy$CglibMethodInvocation.proceed(CglibAopProxy.java:747)\norg.springframework.aop.framework.CglibAopProxy$DynamicAdvisedInterceptor.intercept(CglibAopProxy.java:689)\ncom.wuyun.controller.LoginController$$EnhancerBySpringCGLIB$$8c39d3ce.giteeLogin(<generated>)\nsun.reflect.NativeMethodAccessorImpl.invoke0(Native Method)\nsun.reflect.NativeMethodAccessorImpl.invoke(NativeMethodAccessorImpl.java:62)\nsun.reflect.DelegatingMethodAccessorImpl.invoke(DelegatingMethodAccessorImpl.java:43)\njava.lang.reflect.Method.invoke(Method.java:498)\norg.springframework.web.method.support.InvocableHandlerMethod.doInvoke(InvocableHandlerMethod.java:190)\norg.springframework.web.method.support.InvocableHandlerMethod.invokeForRequest(InvocableHandlerMethod.java:138)\norg.springframework.web.servlet.mvc.method.annotation.ServletInvocableHandlerMethod.invokeAndHandle(ServletInvocableHandlerMethod.java:106)\norg.springframework.web.servlet.mvc.method.annotation.RequestMappingHandlerAdapter.invokeHandlerMethod(RequestMappingHandlerAdapter.java:879)\norg.springframework.web.servlet.mvc.method.annotation.RequestMappingHandlerAdapter.handleInternal(RequestMappingHandlerAdapter.java:793)\norg.springframework.web.servlet.mvc.method.AbstractHandlerMethodAdapter.handle(AbstractHandlerMethodAdapter.java:87)\norg.springframework.web.servlet.DispatcherServlet.doDispatch(DispatcherServlet.java:1040)\norg.springframework.web.servlet.DispatcherServlet.doService(DispatcherServlet.java:943)\norg.springframework.web.servlet.FrameworkServlet.processRequest(FrameworkServlet.java:1006)\norg.springframework.web.servlet.FrameworkServlet.doPost(FrameworkServlet.java:909)\njavax.servlet.http.HttpServlet.service(HttpServlet.java:660)\norg.springframework.web.servlet.FrameworkServlet.service(FrameworkServlet.java:883)\njavax.servlet.http.HttpServlet.service(HttpServlet.java:741)\norg.apache.catalina.core.ApplicationFilterChain.internalDoFilter(ApplicationFilterChain.java:231)\norg.apache.catalina.core.ApplicationFilterChain.doFilter(ApplicationFilterChain.java:166)\norg.apache.tomcat.websocket.server.WsFilter.doFilter(WsFilter.java:53)\norg.apache.catalina.core.ApplicationFilterChain.internalDoFilter(ApplicationFilterChain.java:193)\norg.apache.catalina.core.ApplicationFilterChain.doFilter(ApplicationFilterChain.java:166)\ncn.dev33.satoken.filter.SaServletFilter.doFilter(SaServletFilter.java:179)\norg.apache.catalina.core.ApplicationFilterChain.internalDoFilter(ApplicationFilterChain.java:193)\norg.apache.catalina.core.ApplicationFilterChain.doFilter(ApplicationFilterChain.java:166)\norg.springframework.web.filter.RequestContextFilter.doFilterInternal(RequestContextFilter.java:100)\norg.springframework.web.filter.OncePerRequestFilter.doFilter(OncePerRequestFilter.java:119)\norg.apache.catalina.core.ApplicationFilterChain.internalDoFilter(ApplicationFilterChain.java:193)\norg.apache.catalina.core.ApplicationFilterChain.doFilter(ApplicationFilterChain.java:166)\norg.springframework.web.filter.FormContentFilter.doFilterInternal(FormContentFilter.java:93)\norg.springframework.web.filter.OncePerRequestFilter.doFilter(OncePerRequestFilter.java:119)\norg.apache.catalina.core.ApplicationFilterChain.internalDoFilter(ApplicationFilterChain.java:193)\norg.apache.catalina.core.ApplicationFilterChain.doFilter(ApplicationFilterChain.java:166)\norg.springframework.web.filter.CharacterEncodingFilter.doFilterInternal(CharacterEncodingFilter.java:201)\norg.springframework.web.filter.OncePerRequestFilter.doFilter(OncePerRequestFilter.java:119)\norg.apache.catalina.core.ApplicationFilterChain.internalDoFilter(ApplicationFilterChain.java:193)\norg.apache.catalina.core.ApplicationFilterChain.doFilter(ApplicationFilterChain.java:166)\norg.apache.catalina.core.StandardWrapperValve.invoke(StandardWrapperValve.java:202)\norg.apache.catalina.core.StandardContextValve.invoke(StandardContextValve.java:96)\norg.apache.catalina.authenticator.AuthenticatorBase.invoke(AuthenticatorBase.java:541)\norg.apache.catalina.core.StandardHostValve.invoke(StandardHostValve.java:139)\norg.apache.catalina.valves.ErrorReportValve.invoke(ErrorReportValve.java:92)\norg.apache.catalina.core.StandardEngineValve.invoke(StandardEngineValve.java:74)\norg.apache.catalina.connector.CoyoteAdapter.service(CoyoteAdapter.java:343)\norg.apache.coyote.http11.Http11Processor.service(Http11Processor.java:367)\norg.apache.coyote.AbstractProcessorLight.process(AbstractProcessorLight.java:65)\norg.apache.coyote.AbstractProtocol$ConnectionHandler.process(AbstractProtocol.java:868)\norg.apache.tomcat.util.net.NioEndpoint$SocketProcessor.doRun(NioEndpoint.java:1639)\norg.apache.tomcat.util.net.SocketProcessorBase.run(SocketProcessorBase.java:49)\njava.util.concurrent.ThreadPoolExecutor.runWorker(ThreadPoolExecutor.java:1149)\njava.util.concurrent.ThreadPoolExecutor$Worker.run(ThreadPoolExecutor.java:624)\norg.apache.tomcat.util.threads.TaskThread$WrappingRunnable.run(TaskThread.java:61)\njava.lang.Thread.run(Thread.java:748)\n','[{\"code\":\"88225708dcea06bd9f2649b7365a5f8aa9198313ea26dfb71aef4c82d4e3439f\"}]','POST','192.168.1.3','内网IP|内网IP','Windows NT ??','Edge 113','2023-05-22 15:12:12'),(2,'登录模块','/oauth/gitee','com.wuyun.exception.ServiceException','Gitee登录','com.wuyun.controller.LoginController.giteeLogin','com.wuyun.exception.ServiceException:用户昵称已存在\ncom.wuyun.strategy.impl.AbstractLoginStrategyImpl.saveLoginUser(AbstractLoginStrategyImpl.java:96)\ncom.wuyun.strategy.impl.AbstractLoginStrategyImpl.login(AbstractLoginStrategyImpl.java:51)\ncom.wuyun.strategy.context.SocialLoginStrategyContext.executeLoginStrategy(SocialLoginStrategyContext.java:32)\ncom.wuyun.service.impl.LoginServiceImpl.giteeLogin(LoginServiceImpl.java:127)\ncom.wuyun.service.impl.LoginServiceImpl$$FastClassBySpringCGLIB$$e37345da.invoke(<generated>)\norg.springframework.cglib.proxy.MethodProxy.invoke(MethodProxy.java:218)\norg.springframework.aop.framework.CglibAopProxy$CglibMethodInvocation.invokeJoinpoint(CglibAopProxy.java:769)\norg.springframework.aop.framework.ReflectiveMethodInvocation.proceed(ReflectiveMethodInvocation.java:163)\norg.springframework.aop.framework.CglibAopProxy$CglibMethodInvocation.proceed(CglibAopProxy.java:747)\norg.springframework.transaction.interceptor.TransactionAspectSupport.invokeWithinTransaction(TransactionAspectSupport.java:366)\norg.springframework.transaction.interceptor.TransactionInterceptor.invoke(TransactionInterceptor.java:99)\norg.springframework.aop.framework.ReflectiveMethodInvocation.proceed(ReflectiveMethodInvocation.java:186)\norg.springframework.aop.framework.CglibAopProxy$CglibMethodInvocation.proceed(CglibAopProxy.java:747)\norg.springframework.aop.framework.CglibAopProxy$DynamicAdvisedInterceptor.intercept(CglibAopProxy.java:689)\ncom.wuyun.service.impl.LoginServiceImpl$$EnhancerBySpringCGLIB$$2434c82c.giteeLogin(<generated>)\ncom.wuyun.controller.LoginController.giteeLogin(LoginController.java:92)\ncom.wuyun.controller.LoginController$$FastClassBySpringCGLIB$$22952d3a.invoke(<generated>)\norg.springframework.cglib.proxy.MethodProxy.invoke(MethodProxy.java:218)\norg.springframework.aop.framework.CglibAopProxy$CglibMethodInvocation.invokeJoinpoint(CglibAopProxy.java:769)\norg.springframework.aop.framework.ReflectiveMethodInvocation.proceed(ReflectiveMethodInvocation.java:163)\norg.springframework.aop.framework.CglibAopProxy$CglibMethodInvocation.proceed(CglibAopProxy.java:747)\norg.springframework.aop.aspectj.AspectJAfterThrowingAdvice.invoke(AspectJAfterThrowingAdvice.java:62)\norg.springframework.aop.framework.ReflectiveMethodInvocation.proceed(ReflectiveMethodInvocation.java:186)\norg.springframework.aop.framework.CglibAopProxy$CglibMethodInvocation.proceed(CglibAopProxy.java:747)\norg.springframework.aop.interceptor.ExposeInvocationInterceptor.invoke(ExposeInvocationInterceptor.java:95)\norg.springframework.aop.framework.ReflectiveMethodInvocation.proceed(ReflectiveMethodInvocation.java:186)\norg.springframework.aop.framework.CglibAopProxy$CglibMethodInvocation.proceed(CglibAopProxy.java:747)\norg.springframework.aop.framework.CglibAopProxy$DynamicAdvisedInterceptor.intercept(CglibAopProxy.java:689)\ncom.wuyun.controller.LoginController$$EnhancerBySpringCGLIB$$937859ec.giteeLogin(<generated>)\nsun.reflect.NativeMethodAccessorImpl.invoke0(Native Method)\nsun.reflect.NativeMethodAccessorImpl.invoke(NativeMethodAccessorImpl.java:62)\nsun.reflect.DelegatingMethodAccessorImpl.invoke(DelegatingMethodAccessorImpl.java:43)\njava.lang.reflect.Method.invoke(Method.java:498)\norg.springframework.web.method.support.InvocableHandlerMethod.doInvoke(InvocableHandlerMethod.java:190)\norg.springframework.web.method.support.InvocableHandlerMethod.invokeForRequest(InvocableHandlerMethod.java:138)\norg.springframework.web.servlet.mvc.method.annotation.ServletInvocableHandlerMethod.invokeAndHandle(ServletInvocableHandlerMethod.java:106)\norg.springframework.web.servlet.mvc.method.annotation.RequestMappingHandlerAdapter.invokeHandlerMethod(RequestMappingHandlerAdapter.java:879)\norg.springframework.web.servlet.mvc.method.annotation.RequestMappingHandlerAdapter.handleInternal(RequestMappingHandlerAdapter.java:793)\norg.springframework.web.servlet.mvc.method.AbstractHandlerMethodAdapter.handle(AbstractHandlerMethodAdapter.java:87)\norg.springframework.web.servlet.DispatcherServlet.doDispatch(DispatcherServlet.java:1040)\norg.springframework.web.servlet.DispatcherServlet.doService(DispatcherServlet.java:943)\norg.springframework.web.servlet.FrameworkServlet.processRequest(FrameworkServlet.java:1006)\norg.springframework.web.servlet.FrameworkServlet.doPost(FrameworkServlet.java:909)\njavax.servlet.http.HttpServlet.service(HttpServlet.java:660)\norg.springframework.web.servlet.FrameworkServlet.service(FrameworkServlet.java:883)\njavax.servlet.http.HttpServlet.service(HttpServlet.java:741)\norg.apache.catalina.core.ApplicationFilterChain.internalDoFilter(ApplicationFilterChain.java:231)\norg.apache.catalina.core.ApplicationFilterChain.doFilter(ApplicationFilterChain.java:166)\norg.apache.tomcat.websocket.server.WsFilter.doFilter(WsFilter.java:53)\norg.apache.catalina.core.ApplicationFilterChain.internalDoFilter(ApplicationFilterChain.java:193)\norg.apache.catalina.core.ApplicationFilterChain.doFilter(ApplicationFilterChain.java:166)\ncn.dev33.satoken.filter.SaServletFilter.doFilter(SaServletFilter.java:179)\norg.apache.catalina.core.ApplicationFilterChain.internalDoFilter(ApplicationFilterChain.java:193)\norg.apache.catalina.core.ApplicationFilterChain.doFilter(ApplicationFilterChain.java:166)\norg.springframework.web.filter.RequestContextFilter.doFilterInternal(RequestContextFilter.java:100)\norg.springframework.web.filter.OncePerRequestFilter.doFilter(OncePerRequestFilter.java:119)\norg.apache.catalina.core.ApplicationFilterChain.internalDoFilter(ApplicationFilterChain.java:193)\norg.apache.catalina.core.ApplicationFilterChain.doFilter(ApplicationFilterChain.java:166)\norg.springframework.web.filter.FormContentFilter.doFilterInternal(FormContentFilter.java:93)\norg.springframework.web.filter.OncePerRequestFilter.doFilter(OncePerRequestFilter.java:119)\norg.apache.catalina.core.ApplicationFilterChain.internalDoFilter(ApplicationFilterChain.java:193)\norg.apache.catalina.core.ApplicationFilterChain.doFilter(ApplicationFilterChain.java:166)\norg.springframework.web.filter.CharacterEncodingFilter.doFilterInternal(CharacterEncodingFilter.java:201)\norg.springframework.web.filter.OncePerRequestFilter.doFilter(OncePerRequestFilter.java:119)\norg.apache.catalina.core.ApplicationFilterChain.internalDoFilter(ApplicationFilterChain.java:193)\norg.apache.catalina.core.ApplicationFilterChain.doFilter(ApplicationFilterChain.java:166)\norg.apache.catalina.core.StandardWrapperValve.invoke(StandardWrapperValve.java:202)\norg.apache.catalina.core.StandardContextValve.invoke(StandardContextValve.java:96)\norg.apache.catalina.authenticator.AuthenticatorBase.invoke(AuthenticatorBase.java:541)\norg.apache.catalina.core.StandardHostValve.invoke(StandardHostValve.java:139)\norg.apache.catalina.valves.ErrorReportValve.invoke(ErrorReportValve.java:92)\norg.apache.catalina.core.StandardEngineValve.invoke(StandardEngineValve.java:74)\norg.apache.catalina.connector.CoyoteAdapter.service(CoyoteAdapter.java:343)\norg.apache.coyote.http11.Http11Processor.service(Http11Processor.java:367)\norg.apache.coyote.AbstractProcessorLight.process(AbstractProcessorLight.java:65)\norg.apache.coyote.AbstractProtocol$ConnectionHandler.process(AbstractProtocol.java:868)\norg.apache.tomcat.util.net.NioEndpoint$SocketProcessor.doRun(NioEndpoint.java:1639)\norg.apache.tomcat.util.net.SocketProcessorBase.run(SocketProcessorBase.java:49)\njava.util.concurrent.ThreadPoolExecutor.runWorker(ThreadPoolExecutor.java:1149)\njava.util.concurrent.ThreadPoolExecutor$Worker.run(ThreadPoolExecutor.java:624)\norg.apache.tomcat.util.threads.TaskThread$WrappingRunnable.run(TaskThread.java:61)\njava.lang.Thread.run(Thread.java:748)\n','[{\"code\":\"3290fb0cf318377ca7b946737ffc5a6572290fe1d6fdbe2c55f9e94f2d67cf60\"}]','POST','192.168.1.3','内网IP|内网IP','Windows NT ??','Edge 113','2023-05-22 15:24:49'),(3,'登录模块','/oauth/gitee','com.wuyun.exception.ServiceException','Gitee登录','com.wuyun.controller.LoginController.giteeLogin','com.wuyun.exception.ServiceException:用户昵称已存在\ncom.wuyun.strategy.impl.AbstractLoginStrategyImpl.saveLoginUser(AbstractLoginStrategyImpl.java:96)\ncom.wuyun.strategy.impl.AbstractLoginStrategyImpl.login(AbstractLoginStrategyImpl.java:51)\ncom.wuyun.strategy.context.SocialLoginStrategyContext.executeLoginStrategy(SocialLoginStrategyContext.java:32)\ncom.wuyun.service.impl.LoginServiceImpl.giteeLogin(LoginServiceImpl.java:127)\ncom.wuyun.service.impl.LoginServiceImpl$$FastClassBySpringCGLIB$$e37345da.invoke(<generated>)\norg.springframework.cglib.proxy.MethodProxy.invoke(MethodProxy.java:218)\norg.springframework.aop.framework.CglibAopProxy$CglibMethodInvocation.invokeJoinpoint(CglibAopProxy.java:769)\norg.springframework.aop.framework.ReflectiveMethodInvocation.proceed(ReflectiveMethodInvocation.java:163)\norg.springframework.aop.framework.CglibAopProxy$CglibMethodInvocation.proceed(CglibAopProxy.java:747)\norg.springframework.transaction.interceptor.TransactionAspectSupport.invokeWithinTransaction(TransactionAspectSupport.java:366)\norg.springframework.transaction.interceptor.TransactionInterceptor.invoke(TransactionInterceptor.java:99)\norg.springframework.aop.framework.ReflectiveMethodInvocation.proceed(ReflectiveMethodInvocation.java:186)\norg.springframework.aop.framework.CglibAopProxy$CglibMethodInvocation.proceed(CglibAopProxy.java:747)\norg.springframework.aop.framework.CglibAopProxy$DynamicAdvisedInterceptor.intercept(CglibAopProxy.java:689)\ncom.wuyun.service.impl.LoginServiceImpl$$EnhancerBySpringCGLIB$$2434c82c.giteeLogin(<generated>)\ncom.wuyun.controller.LoginController.giteeLogin(LoginController.java:92)\ncom.wuyun.controller.LoginController$$FastClassBySpringCGLIB$$22952d3a.invoke(<generated>)\norg.springframework.cglib.proxy.MethodProxy.invoke(MethodProxy.java:218)\norg.springframework.aop.framework.CglibAopProxy$CglibMethodInvocation.invokeJoinpoint(CglibAopProxy.java:769)\norg.springframework.aop.framework.ReflectiveMethodInvocation.proceed(ReflectiveMethodInvocation.java:163)\norg.springframework.aop.framework.CglibAopProxy$CglibMethodInvocation.proceed(CglibAopProxy.java:747)\norg.springframework.aop.aspectj.AspectJAfterThrowingAdvice.invoke(AspectJAfterThrowingAdvice.java:62)\norg.springframework.aop.framework.ReflectiveMethodInvocation.proceed(ReflectiveMethodInvocation.java:186)\norg.springframework.aop.framework.CglibAopProxy$CglibMethodInvocation.proceed(CglibAopProxy.java:747)\norg.springframework.aop.interceptor.ExposeInvocationInterceptor.invoke(ExposeInvocationInterceptor.java:95)\norg.springframework.aop.framework.ReflectiveMethodInvocation.proceed(ReflectiveMethodInvocation.java:186)\norg.springframework.aop.framework.CglibAopProxy$CglibMethodInvocation.proceed(CglibAopProxy.java:747)\norg.springframework.aop.framework.CglibAopProxy$DynamicAdvisedInterceptor.intercept(CglibAopProxy.java:689)\ncom.wuyun.controller.LoginController$$EnhancerBySpringCGLIB$$937859ec.giteeLogin(<generated>)\nsun.reflect.NativeMethodAccessorImpl.invoke0(Native Method)\nsun.reflect.NativeMethodAccessorImpl.invoke(NativeMethodAccessorImpl.java:62)\nsun.reflect.DelegatingMethodAccessorImpl.invoke(DelegatingMethodAccessorImpl.java:43)\njava.lang.reflect.Method.invoke(Method.java:498)\norg.springframework.web.method.support.InvocableHandlerMethod.doInvoke(InvocableHandlerMethod.java:190)\norg.springframework.web.method.support.InvocableHandlerMethod.invokeForRequest(InvocableHandlerMethod.java:138)\norg.springframework.web.servlet.mvc.method.annotation.ServletInvocableHandlerMethod.invokeAndHandle(ServletInvocableHandlerMethod.java:106)\norg.springframework.web.servlet.mvc.method.annotation.RequestMappingHandlerAdapter.invokeHandlerMethod(RequestMappingHandlerAdapter.java:879)\norg.springframework.web.servlet.mvc.method.annotation.RequestMappingHandlerAdapter.handleInternal(RequestMappingHandlerAdapter.java:793)\norg.springframework.web.servlet.mvc.method.AbstractHandlerMethodAdapter.handle(AbstractHandlerMethodAdapter.java:87)\norg.springframework.web.servlet.DispatcherServlet.doDispatch(DispatcherServlet.java:1040)\norg.springframework.web.servlet.DispatcherServlet.doService(DispatcherServlet.java:943)\norg.springframework.web.servlet.FrameworkServlet.processRequest(FrameworkServlet.java:1006)\norg.springframework.web.servlet.FrameworkServlet.doPost(FrameworkServlet.java:909)\njavax.servlet.http.HttpServlet.service(HttpServlet.java:660)\norg.springframework.web.servlet.FrameworkServlet.service(FrameworkServlet.java:883)\njavax.servlet.http.HttpServlet.service(HttpServlet.java:741)\norg.apache.catalina.core.ApplicationFilterChain.internalDoFilter(ApplicationFilterChain.java:231)\norg.apache.catalina.core.ApplicationFilterChain.doFilter(ApplicationFilterChain.java:166)\norg.apache.tomcat.websocket.server.WsFilter.doFilter(WsFilter.java:53)\norg.apache.catalina.core.ApplicationFilterChain.internalDoFilter(ApplicationFilterChain.java:193)\norg.apache.catalina.core.ApplicationFilterChain.doFilter(ApplicationFilterChain.java:166)\ncn.dev33.satoken.filter.SaServletFilter.doFilter(SaServletFilter.java:179)\norg.apache.catalina.core.ApplicationFilterChain.internalDoFilter(ApplicationFilterChain.java:193)\norg.apache.catalina.core.ApplicationFilterChain.doFilter(ApplicationFilterChain.java:166)\norg.springframework.web.filter.RequestContextFilter.doFilterInternal(RequestContextFilter.java:100)\norg.springframework.web.filter.OncePerRequestFilter.doFilter(OncePerRequestFilter.java:119)\norg.apache.catalina.core.ApplicationFilterChain.internalDoFilter(ApplicationFilterChain.java:193)\norg.apache.catalina.core.ApplicationFilterChain.doFilter(ApplicationFilterChain.java:166)\norg.springframework.web.filter.FormContentFilter.doFilterInternal(FormContentFilter.java:93)\norg.springframework.web.filter.OncePerRequestFilter.doFilter(OncePerRequestFilter.java:119)\norg.apache.catalina.core.ApplicationFilterChain.internalDoFilter(ApplicationFilterChain.java:193)\norg.apache.catalina.core.ApplicationFilterChain.doFilter(ApplicationFilterChain.java:166)\norg.springframework.web.filter.CharacterEncodingFilter.doFilterInternal(CharacterEncodingFilter.java:201)\norg.springframework.web.filter.OncePerRequestFilter.doFilter(OncePerRequestFilter.java:119)\norg.apache.catalina.core.ApplicationFilterChain.internalDoFilter(ApplicationFilterChain.java:193)\norg.apache.catalina.core.ApplicationFilterChain.doFilter(ApplicationFilterChain.java:166)\norg.apache.catalina.core.StandardWrapperValve.invoke(StandardWrapperValve.java:202)\norg.apache.catalina.core.StandardContextValve.invoke(StandardContextValve.java:96)\norg.apache.catalina.authenticator.AuthenticatorBase.invoke(AuthenticatorBase.java:541)\norg.apache.catalina.core.StandardHostValve.invoke(StandardHostValve.java:139)\norg.apache.catalina.valves.ErrorReportValve.invoke(ErrorReportValve.java:92)\norg.apache.catalina.core.StandardEngineValve.invoke(StandardEngineValve.java:74)\norg.apache.catalina.connector.CoyoteAdapter.service(CoyoteAdapter.java:343)\norg.apache.coyote.http11.Http11Processor.service(Http11Processor.java:367)\norg.apache.coyote.AbstractProcessorLight.process(AbstractProcessorLight.java:65)\norg.apache.coyote.AbstractProtocol$ConnectionHandler.process(AbstractProtocol.java:868)\norg.apache.tomcat.util.net.NioEndpoint$SocketProcessor.doRun(NioEndpoint.java:1639)\norg.apache.tomcat.util.net.SocketProcessorBase.run(SocketProcessorBase.java:49)\njava.util.concurrent.ThreadPoolExecutor.runWorker(ThreadPoolExecutor.java:1149)\njava.util.concurrent.ThreadPoolExecutor$Worker.run(ThreadPoolExecutor.java:624)\norg.apache.tomcat.util.threads.TaskThread$WrappingRunnable.run(TaskThread.java:61)\njava.lang.Thread.run(Thread.java:748)\n','[{\"code\":\"127cd1f04edc21b8160012bab81d704ace261e2549f571a126b5ed43658f3567\"}]','POST','192.168.1.3','内网IP|内网IP','Windows NT ??','Edge 113','2023-05-22 15:25:02'),(4,'登录模块','/oauth/gitee','com.wuyun.exception.ServiceException','Gitee登录','com.wuyun.controller.LoginController.giteeLogin','com.wuyun.exception.ServiceException:用户昵称已存在\ncom.wuyun.strategy.impl.AbstractLoginStrategyImpl.saveLoginUser(AbstractLoginStrategyImpl.java:96)\ncom.wuyun.strategy.impl.AbstractLoginStrategyImpl.login(AbstractLoginStrategyImpl.java:51)\ncom.wuyun.strategy.context.SocialLoginStrategyContext.executeLoginStrategy(SocialLoginStrategyContext.java:32)\ncom.wuyun.service.impl.LoginServiceImpl.giteeLogin(LoginServiceImpl.java:127)\ncom.wuyun.service.impl.LoginServiceImpl$$FastClassBySpringCGLIB$$e37345da.invoke(<generated>)\norg.springframework.cglib.proxy.MethodProxy.invoke(MethodProxy.java:218)\norg.springframework.aop.framework.CglibAopProxy$CglibMethodInvocation.invokeJoinpoint(CglibAopProxy.java:769)\norg.springframework.aop.framework.ReflectiveMethodInvocation.proceed(ReflectiveMethodInvocation.java:163)\norg.springframework.aop.framework.CglibAopProxy$CglibMethodInvocation.proceed(CglibAopProxy.java:747)\norg.springframework.transaction.interceptor.TransactionAspectSupport.invokeWithinTransaction(TransactionAspectSupport.java:366)\norg.springframework.transaction.interceptor.TransactionInterceptor.invoke(TransactionInterceptor.java:99)\norg.springframework.aop.framework.ReflectiveMethodInvocation.proceed(ReflectiveMethodInvocation.java:186)\norg.springframework.aop.framework.CglibAopProxy$CglibMethodInvocation.proceed(CglibAopProxy.java:747)\norg.springframework.aop.framework.CglibAopProxy$DynamicAdvisedInterceptor.intercept(CglibAopProxy.java:689)\ncom.wuyun.service.impl.LoginServiceImpl$$EnhancerBySpringCGLIB$$2434c82c.giteeLogin(<generated>)\ncom.wuyun.controller.LoginController.giteeLogin(LoginController.java:92)\ncom.wuyun.controller.LoginController$$FastClassBySpringCGLIB$$22952d3a.invoke(<generated>)\norg.springframework.cglib.proxy.MethodProxy.invoke(MethodProxy.java:218)\norg.springframework.aop.framework.CglibAopProxy$CglibMethodInvocation.invokeJoinpoint(CglibAopProxy.java:769)\norg.springframework.aop.framework.ReflectiveMethodInvocation.proceed(ReflectiveMethodInvocation.java:163)\norg.springframework.aop.framework.CglibAopProxy$CglibMethodInvocation.proceed(CglibAopProxy.java:747)\norg.springframework.aop.aspectj.AspectJAfterThrowingAdvice.invoke(AspectJAfterThrowingAdvice.java:62)\norg.springframework.aop.framework.ReflectiveMethodInvocation.proceed(ReflectiveMethodInvocation.java:186)\norg.springframework.aop.framework.CglibAopProxy$CglibMethodInvocation.proceed(CglibAopProxy.java:747)\norg.springframework.aop.interceptor.ExposeInvocationInterceptor.invoke(ExposeInvocationInterceptor.java:95)\norg.springframework.aop.framework.ReflectiveMethodInvocation.proceed(ReflectiveMethodInvocation.java:186)\norg.springframework.aop.framework.CglibAopProxy$CglibMethodInvocation.proceed(CglibAopProxy.java:747)\norg.springframework.aop.framework.CglibAopProxy$DynamicAdvisedInterceptor.intercept(CglibAopProxy.java:689)\ncom.wuyun.controller.LoginController$$EnhancerBySpringCGLIB$$937859ec.giteeLogin(<generated>)\nsun.reflect.NativeMethodAccessorImpl.invoke0(Native Method)\nsun.reflect.NativeMethodAccessorImpl.invoke(NativeMethodAccessorImpl.java:62)\nsun.reflect.DelegatingMethodAccessorImpl.invoke(DelegatingMethodAccessorImpl.java:43)\njava.lang.reflect.Method.invoke(Method.java:498)\norg.springframework.web.method.support.InvocableHandlerMethod.doInvoke(InvocableHandlerMethod.java:190)\norg.springframework.web.method.support.InvocableHandlerMethod.invokeForRequest(InvocableHandlerMethod.java:138)\norg.springframework.web.servlet.mvc.method.annotation.ServletInvocableHandlerMethod.invokeAndHandle(ServletInvocableHandlerMethod.java:106)\norg.springframework.web.servlet.mvc.method.annotation.RequestMappingHandlerAdapter.invokeHandlerMethod(RequestMappingHandlerAdapter.java:879)\norg.springframework.web.servlet.mvc.method.annotation.RequestMappingHandlerAdapter.handleInternal(RequestMappingHandlerAdapter.java:793)\norg.springframework.web.servlet.mvc.method.AbstractHandlerMethodAdapter.handle(AbstractHandlerMethodAdapter.java:87)\norg.springframework.web.servlet.DispatcherServlet.doDispatch(DispatcherServlet.java:1040)\norg.springframework.web.servlet.DispatcherServlet.doService(DispatcherServlet.java:943)\norg.springframework.web.servlet.FrameworkServlet.processRequest(FrameworkServlet.java:1006)\norg.springframework.web.servlet.FrameworkServlet.doPost(FrameworkServlet.java:909)\njavax.servlet.http.HttpServlet.service(HttpServlet.java:660)\norg.springframework.web.servlet.FrameworkServlet.service(FrameworkServlet.java:883)\njavax.servlet.http.HttpServlet.service(HttpServlet.java:741)\norg.apache.catalina.core.ApplicationFilterChain.internalDoFilter(ApplicationFilterChain.java:231)\norg.apache.catalina.core.ApplicationFilterChain.doFilter(ApplicationFilterChain.java:166)\norg.apache.tomcat.websocket.server.WsFilter.doFilter(WsFilter.java:53)\norg.apache.catalina.core.ApplicationFilterChain.internalDoFilter(ApplicationFilterChain.java:193)\norg.apache.catalina.core.ApplicationFilterChain.doFilter(ApplicationFilterChain.java:166)\ncn.dev33.satoken.filter.SaServletFilter.doFilter(SaServletFilter.java:179)\norg.apache.catalina.core.ApplicationFilterChain.internalDoFilter(ApplicationFilterChain.java:193)\norg.apache.catalina.core.ApplicationFilterChain.doFilter(ApplicationFilterChain.java:166)\norg.springframework.web.filter.RequestContextFilter.doFilterInternal(RequestContextFilter.java:100)\norg.springframework.web.filter.OncePerRequestFilter.doFilter(OncePerRequestFilter.java:119)\norg.apache.catalina.core.ApplicationFilterChain.internalDoFilter(ApplicationFilterChain.java:193)\norg.apache.catalina.core.ApplicationFilterChain.doFilter(ApplicationFilterChain.java:166)\norg.springframework.web.filter.FormContentFilter.doFilterInternal(FormContentFilter.java:93)\norg.springframework.web.filter.OncePerRequestFilter.doFilter(OncePerRequestFilter.java:119)\norg.apache.catalina.core.ApplicationFilterChain.internalDoFilter(ApplicationFilterChain.java:193)\norg.apache.catalina.core.ApplicationFilterChain.doFilter(ApplicationFilterChain.java:166)\norg.springframework.web.filter.CharacterEncodingFilter.doFilterInternal(CharacterEncodingFilter.java:201)\norg.springframework.web.filter.OncePerRequestFilter.doFilter(OncePerRequestFilter.java:119)\norg.apache.catalina.core.ApplicationFilterChain.internalDoFilter(ApplicationFilterChain.java:193)\norg.apache.catalina.core.ApplicationFilterChain.doFilter(ApplicationFilterChain.java:166)\norg.apache.catalina.core.StandardWrapperValve.invoke(StandardWrapperValve.java:202)\norg.apache.catalina.core.StandardContextValve.invoke(StandardContextValve.java:96)\norg.apache.catalina.authenticator.AuthenticatorBase.invoke(AuthenticatorBase.java:541)\norg.apache.catalina.core.StandardHostValve.invoke(StandardHostValve.java:139)\norg.apache.catalina.valves.ErrorReportValve.invoke(ErrorReportValve.java:92)\norg.apache.catalina.core.StandardEngineValve.invoke(StandardEngineValve.java:74)\norg.apache.catalina.connector.CoyoteAdapter.service(CoyoteAdapter.java:343)\norg.apache.coyote.http11.Http11Processor.service(Http11Processor.java:367)\norg.apache.coyote.AbstractProcessorLight.process(AbstractProcessorLight.java:65)\norg.apache.coyote.AbstractProtocol$ConnectionHandler.process(AbstractProtocol.java:868)\norg.apache.tomcat.util.net.NioEndpoint$SocketProcessor.doRun(NioEndpoint.java:1639)\norg.apache.tomcat.util.net.SocketProcessorBase.run(SocketProcessorBase.java:49)\njava.util.concurrent.ThreadPoolExecutor.runWorker(ThreadPoolExecutor.java:1149)\njava.util.concurrent.ThreadPoolExecutor$Worker.run(ThreadPoolExecutor.java:624)\norg.apache.tomcat.util.threads.TaskThread$WrappingRunnable.run(TaskThread.java:61)\njava.lang.Thread.run(Thread.java:748)\n','[{\"code\":\"e60de8c530d74475879ecc0dd135701f63c86df9d9552b9b22de41514088db87\"}]','POST','192.168.1.3','内网IP|内网IP','Windows NT ??','Edge 113','2023-05-22 15:25:25'),(5,'用户信息模块','/user/info','com.wuyun.exception.ServiceException','修改用户信息','com.wuyun.controller.UserInfoController.updateUserInfo','com.wuyun.exception.ServiceException:用户昵称已存在\ncom.wuyun.service.impl.UserServiceImpl.updateUserInfo(UserServiceImpl.java:266)\ncom.wuyun.service.impl.UserServiceImpl$$FastClassBySpringCGLIB$$8a09515c.invoke(<generated>)\norg.springframework.cglib.proxy.MethodProxy.invoke(MethodProxy.java:218)\norg.springframework.aop.framework.CglibAopProxy$CglibMethodInvocation.invokeJoinpoint(CglibAopProxy.java:769)\norg.springframework.aop.framework.ReflectiveMethodInvocation.proceed(ReflectiveMethodInvocation.java:163)\norg.springframework.aop.framework.CglibAopProxy$CglibMethodInvocation.proceed(CglibAopProxy.java:747)\norg.springframework.transaction.interceptor.TransactionAspectSupport.invokeWithinTransaction(TransactionAspectSupport.java:366)\norg.springframework.transaction.interceptor.TransactionInterceptor.invoke(TransactionInterceptor.java:99)\norg.springframework.aop.framework.ReflectiveMethodInvocation.proceed(ReflectiveMethodInvocation.java:186)\norg.springframework.aop.framework.CglibAopProxy$CglibMethodInvocation.proceed(CglibAopProxy.java:747)\norg.springframework.aop.framework.CglibAopProxy$DynamicAdvisedInterceptor.intercept(CglibAopProxy.java:689)\ncom.wuyun.service.impl.UserServiceImpl$$EnhancerBySpringCGLIB$$6e306d78.updateUserInfo(<generated>)\ncom.wuyun.controller.UserInfoController.updateUserInfo(UserInfoController.java:80)\ncom.wuyun.controller.UserInfoController$$FastClassBySpringCGLIB$$850cf220.invoke(<generated>)\norg.springframework.cglib.proxy.MethodProxy.invoke(MethodProxy.java:218)\norg.springframework.aop.framework.CglibAopProxy$CglibMethodInvocation.invokeJoinpoint(CglibAopProxy.java:769)\norg.springframework.aop.framework.ReflectiveMethodInvocation.proceed(ReflectiveMethodInvocation.java:163)\norg.springframework.aop.framework.CglibAopProxy$CglibMethodInvocation.proceed(CglibAopProxy.java:747)\norg.springframework.aop.aspectj.AspectJAfterThrowingAdvice.invoke(AspectJAfterThrowingAdvice.java:62)\norg.springframework.aop.framework.ReflectiveMethodInvocation.proceed(ReflectiveMethodInvocation.java:186)\norg.springframework.aop.framework.CglibAopProxy$CglibMethodInvocation.proceed(CglibAopProxy.java:747)\norg.springframework.aop.interceptor.ExposeInvocationInterceptor.invoke(ExposeInvocationInterceptor.java:95)\norg.springframework.aop.framework.ReflectiveMethodInvocation.proceed(ReflectiveMethodInvocation.java:186)\norg.springframework.aop.framework.CglibAopProxy$CglibMethodInvocation.proceed(CglibAopProxy.java:747)\norg.springframework.aop.framework.CglibAopProxy$DynamicAdvisedInterceptor.intercept(CglibAopProxy.java:689)\ncom.wuyun.controller.UserInfoController$$EnhancerBySpringCGLIB$$2881dc92.updateUserInfo(<generated>)\nsun.reflect.NativeMethodAccessorImpl.invoke0(Native Method)\nsun.reflect.NativeMethodAccessorImpl.invoke(NativeMethodAccessorImpl.java:62)\nsun.reflect.DelegatingMethodAccessorImpl.invoke(DelegatingMethodAccessorImpl.java:43)\njava.lang.reflect.Method.invoke(Method.java:498)\norg.springframework.web.method.support.InvocableHandlerMethod.doInvoke(InvocableHandlerMethod.java:190)\norg.springframework.web.method.support.InvocableHandlerMethod.invokeForRequest(InvocableHandlerMethod.java:138)\norg.springframework.web.servlet.mvc.method.annotation.ServletInvocableHandlerMethod.invokeAndHandle(ServletInvocableHandlerMethod.java:106)\norg.springframework.web.servlet.mvc.method.annotation.RequestMappingHandlerAdapter.invokeHandlerMethod(RequestMappingHandlerAdapter.java:879)\norg.springframework.web.servlet.mvc.method.annotation.RequestMappingHandlerAdapter.handleInternal(RequestMappingHandlerAdapter.java:793)\norg.springframework.web.servlet.mvc.method.AbstractHandlerMethodAdapter.handle(AbstractHandlerMethodAdapter.java:87)\norg.springframework.web.servlet.DispatcherServlet.doDispatch(DispatcherServlet.java:1040)\norg.springframework.web.servlet.DispatcherServlet.doService(DispatcherServlet.java:943)\norg.springframework.web.servlet.FrameworkServlet.processRequest(FrameworkServlet.java:1006)\norg.springframework.web.servlet.FrameworkServlet.doPut(FrameworkServlet.java:920)\njavax.servlet.http.HttpServlet.service(HttpServlet.java:663)\norg.springframework.web.servlet.FrameworkServlet.service(FrameworkServlet.java:883)\njavax.servlet.http.HttpServlet.service(HttpServlet.java:741)\norg.apache.catalina.core.ApplicationFilterChain.internalDoFilter(ApplicationFilterChain.java:231)\norg.apache.catalina.core.ApplicationFilterChain.doFilter(ApplicationFilterChain.java:166)\norg.apache.tomcat.websocket.server.WsFilter.doFilter(WsFilter.java:53)\norg.apache.catalina.core.ApplicationFilterChain.internalDoFilter(ApplicationFilterChain.java:193)\norg.apache.catalina.core.ApplicationFilterChain.doFilter(ApplicationFilterChain.java:166)\ncn.dev33.satoken.filter.SaServletFilter.doFilter(SaServletFilter.java:179)\norg.apache.catalina.core.ApplicationFilterChain.internalDoFilter(ApplicationFilterChain.java:193)\norg.apache.catalina.core.ApplicationFilterChain.doFilter(ApplicationFilterChain.java:166)\norg.springframework.web.filter.RequestContextFilter.doFilterInternal(RequestContextFilter.java:100)\norg.springframework.web.filter.OncePerRequestFilter.doFilter(OncePerRequestFilter.java:119)\norg.apache.catalina.core.ApplicationFilterChain.internalDoFilter(ApplicationFilterChain.java:193)\norg.apache.catalina.core.ApplicationFilterChain.doFilter(ApplicationFilterChain.java:166)\norg.springframework.web.filter.FormContentFilter.doFilterInternal(FormContentFilter.java:93)\norg.springframework.web.filter.OncePerRequestFilter.doFilter(OncePerRequestFilter.java:119)\norg.apache.catalina.core.ApplicationFilterChain.internalDoFilter(ApplicationFilterChain.java:193)\norg.apache.catalina.core.ApplicationFilterChain.doFilter(ApplicationFilterChain.java:166)\norg.springframework.web.filter.CharacterEncodingFilter.doFilterInternal(CharacterEncodingFilter.java:201)\norg.springframework.web.filter.OncePerRequestFilter.doFilter(OncePerRequestFilter.java:119)\norg.apache.catalina.core.ApplicationFilterChain.internalDoFilter(ApplicationFilterChain.java:193)\norg.apache.catalina.core.ApplicationFilterChain.doFilter(ApplicationFilterChain.java:166)\norg.apache.catalina.core.StandardWrapperValve.invoke(StandardWrapperValve.java:202)\norg.apache.catalina.core.StandardContextValve.invoke(StandardContextValve.java:96)\norg.apache.catalina.authenticator.AuthenticatorBase.invoke(AuthenticatorBase.java:541)\norg.apache.catalina.core.StandardHostValve.invoke(StandardHostValve.java:139)\norg.apache.catalina.valves.ErrorReportValve.invoke(ErrorReportValve.java:92)\norg.apache.catalina.core.StandardEngineValve.invoke(StandardEngineValve.java:74)\norg.apache.catalina.connector.CoyoteAdapter.service(CoyoteAdapter.java:343)\norg.apache.coyote.http11.Http11Processor.service(Http11Processor.java:367)\norg.apache.coyote.AbstractProcessorLight.process(AbstractProcessorLight.java:65)\norg.apache.coyote.AbstractProtocol$ConnectionHandler.process(AbstractProtocol.java:868)\norg.apache.tomcat.util.net.NioEndpoint$SocketProcessor.doRun(NioEndpoint.java:1639)\norg.apache.tomcat.util.net.SocketProcessorBase.run(SocketProcessorBase.java:49)\njava.util.concurrent.ThreadPoolExecutor.runWorker(ThreadPoolExecutor.java:1149)\njava.util.concurrent.ThreadPoolExecutor$Worker.run(ThreadPoolExecutor.java:624)\norg.apache.tomcat.util.threads.TaskThread$WrappingRunnable.run(TaskThread.java:61)\njava.lang.Thread.run(Thread.java:748)\n','[{\"intro\":\"\",\"nickname\":\"乌云\",\"webSite\":\"\"}]','PUT','192.168.1.3','内网IP|内网IP','Windows NT ??','Edge 113','2023-05-22 15:32:02'),(6,'登录模块','/oauth/github','com.wuyun.exception.ServiceException','Github登录','com.wuyun.controller.LoginController.githubLogin','com.wuyun.exception.ServiceException:Github登录错误\ncom.wuyun.strategy.impl.GithubLoginStrategyImpl.getGithubToken(GithubLoginStrategyImpl.java:96)\ncom.wuyun.strategy.impl.GithubLoginStrategyImpl.getSocialToken(GithubLoginStrategyImpl.java:46)\ncom.wuyun.strategy.impl.AbstractLoginStrategyImpl.login(AbstractLoginStrategyImpl.java:43)\ncom.wuyun.strategy.context.SocialLoginStrategyContext.executeLoginStrategy(SocialLoginStrategyContext.java:32)\ncom.wuyun.service.impl.LoginServiceImpl.githubLogin(LoginServiceImpl.java:133)\ncom.wuyun.service.impl.LoginServiceImpl$$FastClassBySpringCGLIB$$e37345da.invoke(<generated>)\norg.springframework.cglib.proxy.MethodProxy.invoke(MethodProxy.java:218)\norg.springframework.aop.framework.CglibAopProxy$CglibMethodInvocation.invokeJoinpoint(CglibAopProxy.java:769)\norg.springframework.aop.framework.ReflectiveMethodInvocation.proceed(ReflectiveMethodInvocation.java:163)\norg.springframework.aop.framework.CglibAopProxy$CglibMethodInvocation.proceed(CglibAopProxy.java:747)\norg.springframework.transaction.interceptor.TransactionAspectSupport.invokeWithinTransaction(TransactionAspectSupport.java:366)\norg.springframework.transaction.interceptor.TransactionInterceptor.invoke(TransactionInterceptor.java:99)\norg.springframework.aop.framework.ReflectiveMethodInvocation.proceed(ReflectiveMethodInvocation.java:186)\norg.springframework.aop.framework.CglibAopProxy$CglibMethodInvocation.proceed(CglibAopProxy.java:747)\norg.springframework.aop.framework.CglibAopProxy$DynamicAdvisedInterceptor.intercept(CglibAopProxy.java:689)\ncom.wuyun.service.impl.LoginServiceImpl$$EnhancerBySpringCGLIB$$3ebafb18.githubLogin(<generated>)\ncom.wuyun.controller.LoginController.githubLogin(LoginController.java:104)\ncom.wuyun.controller.LoginController$$FastClassBySpringCGLIB$$22952d3a.invoke(<generated>)\norg.springframework.cglib.proxy.MethodProxy.invoke(MethodProxy.java:218)\norg.springframework.aop.framework.CglibAopProxy$CglibMethodInvocation.invokeJoinpoint(CglibAopProxy.java:769)\norg.springframework.aop.framework.ReflectiveMethodInvocation.proceed(ReflectiveMethodInvocation.java:163)\norg.springframework.aop.framework.CglibAopProxy$CglibMethodInvocation.proceed(CglibAopProxy.java:747)\norg.springframework.aop.aspectj.AspectJAfterThrowingAdvice.invoke(AspectJAfterThrowingAdvice.java:62)\norg.springframework.aop.framework.ReflectiveMethodInvocation.proceed(ReflectiveMethodInvocation.java:186)\norg.springframework.aop.framework.CglibAopProxy$CglibMethodInvocation.proceed(CglibAopProxy.java:747)\norg.springframework.aop.interceptor.ExposeInvocationInterceptor.invoke(ExposeInvocationInterceptor.java:95)\norg.springframework.aop.framework.ReflectiveMethodInvocation.proceed(ReflectiveMethodInvocation.java:186)\norg.springframework.aop.framework.CglibAopProxy$CglibMethodInvocation.proceed(CglibAopProxy.java:747)\norg.springframework.aop.framework.CglibAopProxy$DynamicAdvisedInterceptor.intercept(CglibAopProxy.java:689)\ncom.wuyun.controller.LoginController$$EnhancerBySpringCGLIB$$ac1a304d.githubLogin(<generated>)\nsun.reflect.NativeMethodAccessorImpl.invoke0(Native Method)\nsun.reflect.NativeMethodAccessorImpl.invoke(NativeMethodAccessorImpl.java:62)\nsun.reflect.DelegatingMethodAccessorImpl.invoke(DelegatingMethodAccessorImpl.java:43)\njava.lang.reflect.Method.invoke(Method.java:498)\norg.springframework.web.method.support.InvocableHandlerMethod.doInvoke(InvocableHandlerMethod.java:190)\norg.springframework.web.method.support.InvocableHandlerMethod.invokeForRequest(InvocableHandlerMethod.java:138)\norg.springframework.web.servlet.mvc.method.annotation.ServletInvocableHandlerMethod.invokeAndHandle(ServletInvocableHandlerMethod.java:106)\norg.springframework.web.servlet.mvc.method.annotation.RequestMappingHandlerAdapter.invokeHandlerMethod(RequestMappingHandlerAdapter.java:879)\norg.springframework.web.servlet.mvc.method.annotation.RequestMappingHandlerAdapter.handleInternal(RequestMappingHandlerAdapter.java:793)\norg.springframework.web.servlet.mvc.method.AbstractHandlerMethodAdapter.handle(AbstractHandlerMethodAdapter.java:87)\norg.springframework.web.servlet.DispatcherServlet.doDispatch(DispatcherServlet.java:1040)\norg.springframework.web.servlet.DispatcherServlet.doService(DispatcherServlet.java:943)\norg.springframework.web.servlet.FrameworkServlet.processRequest(FrameworkServlet.java:1006)\norg.springframework.web.servlet.FrameworkServlet.doPost(FrameworkServlet.java:909)\njavax.servlet.http.HttpServlet.service(HttpServlet.java:660)\norg.springframework.web.servlet.FrameworkServlet.service(FrameworkServlet.java:883)\njavax.servlet.http.HttpServlet.service(HttpServlet.java:741)\norg.apache.catalina.core.ApplicationFilterChain.internalDoFilter(ApplicationFilterChain.java:231)\norg.apache.catalina.core.ApplicationFilterChain.doFilter(ApplicationFilterChain.java:166)\norg.apache.tomcat.websocket.server.WsFilter.doFilter(WsFilter.java:53)\norg.apache.catalina.core.ApplicationFilterChain.internalDoFilter(ApplicationFilterChain.java:193)\norg.apache.catalina.core.ApplicationFilterChain.doFilter(ApplicationFilterChain.java:166)\ncn.dev33.satoken.filter.SaServletFilter.doFilter(SaServletFilter.java:179)\norg.apache.catalina.core.ApplicationFilterChain.internalDoFilter(ApplicationFilterChain.java:193)\norg.apache.catalina.core.ApplicationFilterChain.doFilter(ApplicationFilterChain.java:166)\norg.springframework.web.filter.RequestContextFilter.doFilterInternal(RequestContextFilter.java:100)\norg.springframework.web.filter.OncePerRequestFilter.doFilter(OncePerRequestFilter.java:119)\norg.apache.catalina.core.ApplicationFilterChain.internalDoFilter(ApplicationFilterChain.java:193)\norg.apache.catalina.core.ApplicationFilterChain.doFilter(ApplicationFilterChain.java:166)\norg.springframework.web.filter.FormContentFilter.doFilterInternal(FormContentFilter.java:93)\norg.springframework.web.filter.OncePerRequestFilter.doFilter(OncePerRequestFilter.java:119)\norg.apache.catalina.core.ApplicationFilterChain.internalDoFilter(ApplicationFilterChain.java:193)\norg.apache.catalina.core.ApplicationFilterChain.doFilter(ApplicationFilterChain.java:166)\norg.springframework.web.filter.CharacterEncodingFilter.doFilterInternal(CharacterEncodingFilter.java:201)\norg.springframework.web.filter.OncePerRequestFilter.doFilter(OncePerRequestFilter.java:119)\norg.apache.catalina.core.ApplicationFilterChain.internalDoFilter(ApplicationFilterChain.java:193)\norg.apache.catalina.core.ApplicationFilterChain.doFilter(ApplicationFilterChain.java:166)\norg.apache.catalina.core.StandardWrapperValve.invoke(StandardWrapperValve.java:202)\norg.apache.catalina.core.StandardContextValve.invoke(StandardContextValve.java:96)\norg.apache.catalina.authenticator.AuthenticatorBase.invoke(AuthenticatorBase.java:541)\norg.apache.catalina.core.StandardHostValve.invoke(StandardHostValve.java:139)\norg.apache.catalina.valves.ErrorReportValve.invoke(ErrorReportValve.java:92)\norg.apache.catalina.core.StandardEngineValve.invoke(StandardEngineValve.java:74)\norg.apache.catalina.connector.CoyoteAdapter.service(CoyoteAdapter.java:343)\norg.apache.coyote.http11.Http11Processor.service(Http11Processor.java:367)\norg.apache.coyote.AbstractProcessorLight.process(AbstractProcessorLight.java:65)\norg.apache.coyote.AbstractProtocol$ConnectionHandler.process(AbstractProtocol.java:868)\norg.apache.tomcat.util.net.NioEndpoint$SocketProcessor.doRun(NioEndpoint.java:1639)\norg.apache.tomcat.util.net.SocketProcessorBase.run(SocketProcessorBase.java:49)\njava.util.concurrent.ThreadPoolExecutor.runWorker(ThreadPoolExecutor.java:1149)\njava.util.concurrent.ThreadPoolExecutor$Worker.run(ThreadPoolExecutor.java:624)\norg.apache.tomcat.util.threads.TaskThread$WrappingRunnable.run(TaskThread.java:61)\njava.lang.Thread.run(Thread.java:748)\n','[{\"code\":\"d455b81f9bd4718ab32e\"}]','POST','192.168.1.3','内网IP|内网IP','Windows NT ??','Edge 113','2023-05-22 16:06:08'),(7,'登录模块','/oauth/github','com.wuyun.exception.ServiceException','Github登录','com.wuyun.controller.LoginController.githubLogin','com.wuyun.exception.ServiceException:Github登录错误\ncom.wuyun.strategy.impl.GithubLoginStrategyImpl.getGithubToken(GithubLoginStrategyImpl.java:96)\ncom.wuyun.strategy.impl.GithubLoginStrategyImpl.getSocialToken(GithubLoginStrategyImpl.java:46)\ncom.wuyun.strategy.impl.AbstractLoginStrategyImpl.login(AbstractLoginStrategyImpl.java:43)\ncom.wuyun.strategy.context.SocialLoginStrategyContext.executeLoginStrategy(SocialLoginStrategyContext.java:32)\ncom.wuyun.service.impl.LoginServiceImpl.githubLogin(LoginServiceImpl.java:130)\ncom.wuyun.service.impl.LoginServiceImpl$$FastClassBySpringCGLIB$$e37345da.invoke(<generated>)\norg.springframework.cglib.proxy.MethodProxy.invoke(MethodProxy.java:218)\norg.springframework.aop.framework.CglibAopProxy$CglibMethodInvocation.invokeJoinpoint(CglibAopProxy.java:769)\norg.springframework.aop.framework.ReflectiveMethodInvocation.proceed(ReflectiveMethodInvocation.java:163)\norg.springframework.aop.framework.CglibAopProxy$CglibMethodInvocation.proceed(CglibAopProxy.java:747)\norg.springframework.transaction.interceptor.TransactionAspectSupport.invokeWithinTransaction(TransactionAspectSupport.java:366)\norg.springframework.transaction.interceptor.TransactionInterceptor.invoke(TransactionInterceptor.java:99)\norg.springframework.aop.framework.ReflectiveMethodInvocation.proceed(ReflectiveMethodInvocation.java:186)\norg.springframework.aop.framework.CglibAopProxy$CglibMethodInvocation.proceed(CglibAopProxy.java:747)\norg.springframework.aop.framework.CglibAopProxy$DynamicAdvisedInterceptor.intercept(CglibAopProxy.java:689)\ncom.wuyun.service.impl.LoginServiceImpl$$EnhancerBySpringCGLIB$$4d11680d.githubLogin(<generated>)\ncom.wuyun.controller.LoginController.githubLogin(LoginController.java:105)\ncom.wuyun.controller.LoginController$$FastClassBySpringCGLIB$$22952d3a.invoke(<generated>)\norg.springframework.cglib.proxy.MethodProxy.invoke(MethodProxy.java:218)\norg.springframework.aop.framework.CglibAopProxy$CglibMethodInvocation.invokeJoinpoint(CglibAopProxy.java:769)\norg.springframework.aop.framework.ReflectiveMethodInvocation.proceed(ReflectiveMethodInvocation.java:163)\norg.springframework.aop.framework.CglibAopProxy$CglibMethodInvocation.proceed(CglibAopProxy.java:747)\norg.springframework.aop.aspectj.AspectJAfterThrowingAdvice.invoke(AspectJAfterThrowingAdvice.java:62)\norg.springframework.aop.framework.ReflectiveMethodInvocation.proceed(ReflectiveMethodInvocation.java:186)\norg.springframework.aop.framework.CglibAopProxy$CglibMethodInvocation.proceed(CglibAopProxy.java:747)\norg.springframework.aop.interceptor.ExposeInvocationInterceptor.invoke(ExposeInvocationInterceptor.java:95)\norg.springframework.aop.framework.ReflectiveMethodInvocation.proceed(ReflectiveMethodInvocation.java:186)\norg.springframework.aop.framework.CglibAopProxy$CglibMethodInvocation.proceed(CglibAopProxy.java:747)\norg.springframework.aop.framework.CglibAopProxy$DynamicAdvisedInterceptor.intercept(CglibAopProxy.java:689)\ncom.wuyun.controller.LoginController$$EnhancerBySpringCGLIB$$54dc8f4b.githubLogin(<generated>)\nsun.reflect.NativeMethodAccessorImpl.invoke0(Native Method)\nsun.reflect.NativeMethodAccessorImpl.invoke(NativeMethodAccessorImpl.java:62)\nsun.reflect.DelegatingMethodAccessorImpl.invoke(DelegatingMethodAccessorImpl.java:43)\njava.lang.reflect.Method.invoke(Method.java:498)\norg.springframework.web.method.support.InvocableHandlerMethod.doInvoke(InvocableHandlerMethod.java:190)\norg.springframework.web.method.support.InvocableHandlerMethod.invokeForRequest(InvocableHandlerMethod.java:138)\norg.springframework.web.servlet.mvc.method.annotation.ServletInvocableHandlerMethod.invokeAndHandle(ServletInvocableHandlerMethod.java:106)\norg.springframework.web.servlet.mvc.method.annotation.RequestMappingHandlerAdapter.invokeHandlerMethod(RequestMappingHandlerAdapter.java:879)\norg.springframework.web.servlet.mvc.method.annotation.RequestMappingHandlerAdapter.handleInternal(RequestMappingHandlerAdapter.java:793)\norg.springframework.web.servlet.mvc.method.AbstractHandlerMethodAdapter.handle(AbstractHandlerMethodAdapter.java:87)\norg.springframework.web.servlet.DispatcherServlet.doDispatch(DispatcherServlet.java:1040)\norg.springframework.web.servlet.DispatcherServlet.doService(DispatcherServlet.java:943)\norg.springframework.web.servlet.FrameworkServlet.processRequest(FrameworkServlet.java:1006)\norg.springframework.web.servlet.FrameworkServlet.doPost(FrameworkServlet.java:909)\njavax.servlet.http.HttpServlet.service(HttpServlet.java:660)\norg.springframework.web.servlet.FrameworkServlet.service(FrameworkServlet.java:883)\njavax.servlet.http.HttpServlet.service(HttpServlet.java:741)\norg.apache.catalina.core.ApplicationFilterChain.internalDoFilter(ApplicationFilterChain.java:231)\norg.apache.catalina.core.ApplicationFilterChain.doFilter(ApplicationFilterChain.java:166)\norg.apache.tomcat.websocket.server.WsFilter.doFilter(WsFilter.java:53)\norg.apache.catalina.core.ApplicationFilterChain.internalDoFilter(ApplicationFilterChain.java:193)\norg.apache.catalina.core.ApplicationFilterChain.doFilter(ApplicationFilterChain.java:166)\ncn.dev33.satoken.filter.SaServletFilter.doFilter(SaServletFilter.java:179)\norg.apache.catalina.core.ApplicationFilterChain.internalDoFilter(ApplicationFilterChain.java:193)\norg.apache.catalina.core.ApplicationFilterChain.doFilter(ApplicationFilterChain.java:166)\norg.springframework.web.filter.RequestContextFilter.doFilterInternal(RequestContextFilter.java:100)\norg.springframework.web.filter.OncePerRequestFilter.doFilter(OncePerRequestFilter.java:119)\norg.apache.catalina.core.ApplicationFilterChain.internalDoFilter(ApplicationFilterChain.java:193)\norg.apache.catalina.core.ApplicationFilterChain.doFilter(ApplicationFilterChain.java:166)\norg.springframework.web.filter.FormContentFilter.doFilterInternal(FormContentFilter.java:93)\norg.springframework.web.filter.OncePerRequestFilter.doFilter(OncePerRequestFilter.java:119)\norg.apache.catalina.core.ApplicationFilterChain.internalDoFilter(ApplicationFilterChain.java:193)\norg.apache.catalina.core.ApplicationFilterChain.doFilter(ApplicationFilterChain.java:166)\norg.springframework.web.filter.CharacterEncodingFilter.doFilterInternal(CharacterEncodingFilter.java:201)\norg.springframework.web.filter.OncePerRequestFilter.doFilter(OncePerRequestFilter.java:119)\norg.apache.catalina.core.ApplicationFilterChain.internalDoFilter(ApplicationFilterChain.java:193)\norg.apache.catalina.core.ApplicationFilterChain.doFilter(ApplicationFilterChain.java:166)\norg.apache.catalina.core.StandardWrapperValve.invoke(StandardWrapperValve.java:202)\norg.apache.catalina.core.StandardContextValve.invoke(StandardContextValve.java:96)\norg.apache.catalina.authenticator.AuthenticatorBase.invoke(AuthenticatorBase.java:541)\norg.apache.catalina.core.StandardHostValve.invoke(StandardHostValve.java:139)\norg.apache.catalina.valves.ErrorReportValve.invoke(ErrorReportValve.java:92)\norg.apache.catalina.core.StandardEngineValve.invoke(StandardEngineValve.java:74)\norg.apache.catalina.connector.CoyoteAdapter.service(CoyoteAdapter.java:343)\norg.apache.coyote.http11.Http11Processor.service(Http11Processor.java:367)\norg.apache.coyote.AbstractProcessorLight.process(AbstractProcessorLight.java:65)\norg.apache.coyote.AbstractProtocol$ConnectionHandler.process(AbstractProtocol.java:868)\norg.apache.tomcat.util.net.NioEndpoint$SocketProcessor.doRun(NioEndpoint.java:1639)\norg.apache.tomcat.util.net.SocketProcessorBase.run(SocketProcessorBase.java:49)\njava.util.concurrent.ThreadPoolExecutor.runWorker(ThreadPoolExecutor.java:1149)\njava.util.concurrent.ThreadPoolExecutor$Worker.run(ThreadPoolExecutor.java:624)\norg.apache.tomcat.util.threads.TaskThread$WrappingRunnable.run(TaskThread.java:61)\njava.lang.Thread.run(Thread.java:748)\n','[{\"code\":\"8d72b99b5fa9cd5b4312\"}]','POST','192.168.1.3','内网IP|内网IP','Windows NT ??','Edge 113','2023-05-22 16:17:51');

/*Table structure for table `b_friend` */

DROP TABLE IF EXISTS `b_friend`;

CREATE TABLE `b_friend` (
  `id` int NOT NULL AUTO_INCREMENT COMMENT '友链id',
  `name` varchar(20) CHARACTER SET utf8mb4 COLLATE utf8mb4_0900_ai_ci NOT NULL COMMENT '友链名称',
  `color` varchar(20) CHARACTER SET utf8mb4 COLLATE utf8mb4_0900_ai_ci NOT NULL COMMENT '友链颜色',
  `avatar` varchar(255) CHARACTER SET utf8mb4 COLLATE utf8mb4_0900_ai_ci NOT NULL COMMENT '友链头像',
  `url` varchar(50) CHARACTER SET utf8mb4 COLLATE utf8mb4_0900_ai_ci NOT NULL COMMENT '友链地址',
  `introduction` varchar(100) CHARACTER SET utf8mb4 COLLATE utf8mb4_0900_ai_ci NOT NULL COMMENT '友链介绍',
  `create_time` datetime NOT NULL COMMENT '创建时间',
  `update_time` datetime DEFAULT NULL COMMENT '更新时间',
  PRIMARY KEY (`id`) USING BTREE,
  KEY `friend_user` (`name`) USING BTREE
) ENGINE=InnoDB AUTO_INCREMENT=2 DEFAULT CHARSET=utf8mb4 COLLATE=utf8mb4_0900_ai_ci ROW_FORMAT=DYNAMIC;

/*Data for the table `b_friend` */

/*Table structure for table `b_menu` */

DROP TABLE IF EXISTS `b_menu`;

CREATE TABLE `b_menu` (
  `id` int NOT NULL AUTO_INCREMENT COMMENT '主键',
  `parent_id` int NOT NULL DEFAULT '0' COMMENT '父菜单id (paren_id为0且type为M则是一级菜单)',
  `menu_type` char(1) CHARACTER SET utf8mb4 COLLATE utf8mb4_0900_ai_ci NOT NULL COMMENT '权限类型 (M目录 C菜单 B按钮)',
  `menu_name` varchar(50) CHARACTER SET utf8mb4 COLLATE utf8mb4_0900_ai_ci NOT NULL COMMENT '名称',
  `path` varchar(255) CHARACTER SET utf8mb4 COLLATE utf8mb4_0900_ai_ci DEFAULT NULL COMMENT '路由地址',
  `icon` varchar(50) CHARACTER SET utf8mb4 COLLATE utf8mb4_0900_ai_ci DEFAULT NULL COMMENT '菜单图标',
  `component` varchar(50) CHARACTER SET utf8mb4 COLLATE utf8mb4_0900_ai_ci DEFAULT NULL COMMENT '菜单组件',
  `perms` varchar(100) CHARACTER SET utf8mb4 COLLATE utf8mb4_0900_ai_ci DEFAULT '' COMMENT '权限标识',
  `is_hidden` tinyint(1) NOT NULL DEFAULT '0' COMMENT '是否隐藏 (0否 1是)',
  `is_disable` tinyint(1) NOT NULL DEFAULT '0' COMMENT '是否禁用 (0否 1是)',
  `order_num` int NOT NULL DEFAULT '1' COMMENT '排序',
  `create_time` datetime NOT NULL COMMENT '创建时间',
  `update_time` datetime DEFAULT NULL COMMENT '更新时间',
  PRIMARY KEY (`id`) USING BTREE
) ENGINE=InnoDB AUTO_INCREMENT=100 DEFAULT CHARSET=utf8mb4 COLLATE=utf8mb4_0900_ai_ci ROW_FORMAT=DYNAMIC;

/*Data for the table `b_menu` */

insert  into `b_menu`(`id`,`parent_id`,`menu_type`,`menu_name`,`path`,`icon`,`component`,`perms`,`is_hidden`,`is_disable`,`order_num`,`create_time`,`update_time`) values (1,0,'M','文章管理','article','archives',NULL,'',0,0,1,'2023-05-10 13:49:36','2023-05-10 13:49:38'),(2,0,'M','消息管理','news','email',NULL,'',0,0,2,'2023-05-10 13:50:55','2023-05-10 13:50:57'),(3,0,'M','系统管理','system','system',NULL,'',0,0,3,'2023-05-10 13:52:14','2023-05-10 13:52:16'),(4,0,'M','日志管理','log','log',NULL,'',0,0,4,'2023-05-10 13:52:57','2023-05-10 13:52:59'),(5,0,'M','系统监控','monitor','monitor',NULL,'',0,0,5,'2023-05-10 13:53:28','2023-05-10 13:53:29'),(6,0,'M','网站管理','web','international',NULL,'',0,0,6,'2023-05-10 13:53:57','2023-05-10 13:53:59'),(7,1,'C','发布文章','write','edit','/blog/article/write','blog:article:list',0,0,1,'2023-05-10 13:56:15','2023-05-10 13:56:17'),(8,1,'C','文章列表','list','chart','/blog/article/list','blog:article:list',0,0,2,'2023-05-10 13:58:51','2023-05-10 13:58:53'),(9,1,'C','分类管理','category','category','/blog/category/index','blog:category:list',0,0,3,'2023-05-10 19:38:45','2023-05-10 19:38:47'),(10,1,'C','标签管理','tag','tag','/blog/tag/index','blog:tag:list',0,0,4,'2023-05-10 19:39:18','2023-05-10 19:39:20'),(11,3,'C','菜单管理','menu','tree-table','/system/menu/index','system:menu:list',0,0,1,'2023-05-10 19:40:23','2023-05-10 19:40:24'),(12,3,'C','角色管理','role','peoples','/system/role/index','system:role:list',0,0,2,'2023-05-10 21:24:20','2023-05-10 21:24:22'),(13,3,'C','用户管理','user','user','/system/user/index','system:user:list',0,0,3,'2023-05-10 21:24:52','2023-05-10 21:24:54'),(14,11,'B','添加菜单',NULL,NULL,NULL,'system:menu:add',0,0,1,'2023-05-13 13:17:56','2023-05-13 16:23:13'),(15,2,'C','评论管理','comment','comment','/news/comment/index','news:comment:list',0,0,1,'2023-05-13 13:20:47',NULL),(16,2,'C','留言管理','message','form','/news/message/index','news:message:list',0,0,2,'2023-05-13 13:23:17',NULL),(17,3,'C','文件管理','file','file','/system/file/index','system:file:list',0,0,4,'2023-05-13 13:24:48',NULL),(19,11,'B','删除菜单',NULL,NULL,NULL,'system:menu:delete',0,0,2,'2023-05-13 16:43:31',NULL),(20,11,'B','修改菜单',NULL,NULL,NULL,'system:menu:update',0,0,3,'2023-05-13 16:43:54',NULL),(21,11,'B','编辑菜单',NULL,NULL,NULL,'system:menu:edit',0,0,4,'2023-05-13 16:44:20',NULL),(22,12,'B','添加角色',NULL,NULL,NULL,'system:role:add',0,0,1,'2023-05-13 16:46:15',NULL),(23,12,'B','删除角色',NULL,NULL,NULL,'system:role:delete',0,0,2,'2023-05-13 16:46:34',NULL),(24,12,'B','修改角色',NULL,NULL,NULL,'system:role:update',0,0,3,'2023-05-13 16:46:56',NULL),(25,12,'B','修改角色状态',NULL,NULL,NULL,'system:role:status',0,0,4,'2023-05-13 16:47:14',NULL),(26,13,'B','修改用户',NULL,NULL,NULL,'system:user:update',0,0,1,'2023-05-13 16:50:42','2023-05-13 16:54:15'),(27,13,'B','修改用户状态',NULL,NULL,NULL,'system:user:status',0,0,2,'2023-05-13 16:51:04','2023-05-13 16:54:25'),(28,13,'B','修改用户邮箱',NULL,NULL,NULL,'user:email:update',0,0,3,'2023-05-13 16:54:49',NULL),(29,13,'B','修改用户头像',NULL,NULL,NULL,'user:avatar:update',0,0,4,'2023-05-13 16:55:14',NULL),(30,13,'B','修改用户信息',NULL,NULL,NULL,'user:info:update',0,0,5,'2023-05-13 16:55:37',NULL),(31,13,'B','修改用户密码',NULL,NULL,NULL,'user:password:update',0,0,6,'2023-05-13 16:55:59',NULL),(32,17,'B','上传文件',NULL,NULL,NULL,'system:file:upload',0,0,1,'2023-05-13 16:56:26',NULL),(33,17,'B','新建文件夹',NULL,NULL,NULL,'system:file:createFolder',0,0,2,'2023-05-13 16:56:42',NULL),(34,17,'B','删除文件',NULL,NULL,NULL,'system:file:delete',0,0,3,'2023-05-13 16:56:56',NULL),(35,4,'C','操作日志','operation','form','/system/log/operation','log:operation:list',0,0,1,'2023-05-13 16:59:39','2023-05-14 01:08:27'),(36,4,'C','异常日志','exception','bug','/system/log/exception','log:exception:list',0,0,2,'2023-05-13 17:01:15',NULL),(37,4,'C','访问日志','visit','logininfor','/system/log/visit','log:visit:list',0,0,3,'2023-05-13 17:02:19',NULL),(38,4,'C','任务日志','task','job','/system/log/task','log:task:list',0,0,4,'2023-05-13 17:02:58',NULL),(39,35,'B','删除操作日志',NULL,NULL,NULL,'log:operation:delete',0,0,1,'2023-05-13 17:03:35',NULL),(40,36,'B','删除异常日志',NULL,NULL,NULL,'log:exception:delete',0,0,1,'2023-05-13 17:03:53',NULL),(41,37,'B','删除访问日志',NULL,NULL,NULL,'log:visit:delete',0,0,1,'2023-05-13 17:04:22',NULL),(42,38,'B','删除任务日志',NULL,NULL,NULL,'log:task:delete',0,0,1,'2023-05-13 17:04:43',NULL),(43,38,'B','清空任务日志',NULL,NULL,NULL,'log:task:clear',0,0,2,'2023-05-13 17:05:14',NULL),(44,5,'C','在线用户','online','online','/monitor/online/index','monitor:online:list',0,0,1,'2023-05-13 17:05:59',NULL),(45,5,'C','定时任务','task','job','/monitor/task/index','monitor:task:list',0,0,2,'2023-05-13 17:06:39',NULL),(46,44,'B','下线用户',NULL,NULL,NULL,'monitor:online:kick',0,0,1,'2023-05-13 17:07:05',NULL),(47,6,'C','网站配置','site','example','/web/site/index','web:site:list',0,0,1,'2023-05-13 17:08:21',NULL),(48,6,'C','友链管理','friend','friend','/web/friend/index','web:friend:list',0,0,2,'2023-05-13 17:09:03',NULL),(49,6,'C','说说管理','talk','talk','/web/talk/index','web:talk:list',0,0,3,'2023-05-13 17:09:36',NULL),(50,6,'C','相册管理','album','album','/web/album/index','web:album:list',0,0,4,'2023-05-13 17:10:08',NULL),(51,6,'C','照片管理','photo/:albumId','photo','/web/photo/index','web:photo:list',1,0,5,'2023-05-13 17:10:40','2023-05-17 10:53:31'),(53,1,'C','修改文章','write/:articleId','edit','/blog/article/write','blog:article:list',1,0,5,'2023-05-15 18:08:05',NULL),(54,8,'B','添加文章',NULL,NULL,NULL,'blog:article:add',0,0,1,'2023-05-15 21:00:17',NULL),(55,8,'B','删除文章',NULL,NULL,NULL,'blog:article:delete',0,0,2,'2023-05-15 21:00:44',NULL),(56,8,'B','加入回收站',NULL,NULL,NULL,'blog:article:recycle',0,0,3,'2023-05-15 21:01:06',NULL),(57,8,'B','更新文章',NULL,NULL,NULL,'blog:article:update',0,0,4,'2023-05-15 21:01:24',NULL),(58,8,'B','编辑文章',NULL,NULL,NULL,'blog:article:edit',0,0,5,'2023-05-15 21:01:39',NULL),(59,8,'B','上传文章图片',NULL,NULL,NULL,'blog:article:upload',0,0,6,'2023-05-15 21:01:54',NULL),(60,8,'B','置顶文章',NULL,NULL,NULL,'blog:article:top',0,0,7,'2023-05-15 21:02:11',NULL),(61,8,'B','推荐文章',NULL,NULL,NULL,'blog:article:recommend',0,0,8,'2023-05-15 21:02:30',NULL),(62,8,'B','点赞文章',NULL,NULL,NULL,'blog:article:like',0,0,9,'2023-05-15 21:02:51',NULL),(63,9,'B','添加分类',NULL,NULL,NULL,'blog:category:add',0,0,1,'2023-05-15 21:03:12',NULL),(64,9,'B','删除分类',NULL,NULL,NULL,'blog:category:delete',0,0,2,'2023-05-15 21:03:26',NULL),(65,9,'B','修改分类',NULL,NULL,NULL,'blog:category:update',0,0,3,'2023-05-15 21:03:38',NULL),(66,10,'B','添加标签',NULL,NULL,NULL,'blog:tag:add',0,0,1,'2023-05-15 21:03:57',NULL),(67,10,'B','删除标签',NULL,NULL,NULL,'blog:tag:delete',0,0,2,'2023-05-15 21:04:11',NULL),(68,10,'B','修改标签',NULL,NULL,NULL,'blog:tag:update',0,0,3,'2023-05-15 21:04:24',NULL),(69,15,'B','添加评论',NULL,NULL,NULL,'news:comment:add',0,0,1,'2023-05-15 21:05:01',NULL),(70,15,'B','删除评论',NULL,NULL,NULL,'news:comment:delete',0,0,2,'2023-05-15 21:05:19',NULL),(71,15,'B','审核评论',NULL,NULL,NULL,'news:comment:pass',0,0,3,'2023-05-15 21:05:39',NULL),(72,15,'B','点赞评论',NULL,NULL,NULL,'news:comment:like',0,0,4,'2023-05-15 21:07:56',NULL),(73,16,'B','删除留言',NULL,NULL,NULL,'news:message:delete',0,0,1,'2023-05-15 21:08:20',NULL),(74,16,'B','审核留言',NULL,NULL,NULL,'news:message:pass',0,0,2,'2023-05-15 21:08:38',NULL),(75,45,'B','添加任务',NULL,NULL,NULL,'monitor:task:add',0,0,1,'2023-05-15 21:09:59',NULL),(76,45,'B','修改任务',NULL,NULL,NULL,'monitor:task:update',0,0,2,'2023-05-15 21:10:15',NULL),(77,45,'B','删除任务',NULL,NULL,NULL,'monitor:task:delete',0,0,3,'2023-05-15 21:10:29',NULL),(78,45,'B','修改任务状态',NULL,NULL,NULL,'monitor:task:status',0,0,4,'2023-05-15 21:10:52',NULL),(79,45,'B','运行任务',NULL,NULL,NULL,'monitor:task:run',0,0,5,'2023-05-15 21:11:08',NULL),(80,47,'B','修改网站配置',NULL,NULL,NULL,'web:site:update',0,0,1,'2023-05-15 21:11:42',NULL),(81,47,'B','上传网站配置图片',NULL,NULL,NULL,'web:site:upload',0,0,2,'2023-05-15 21:11:55',NULL),(82,48,'B','添加友链',NULL,NULL,NULL,'web:friend:add',0,0,1,'2023-05-15 21:12:12',NULL),(83,48,'B','删除友链',NULL,NULL,NULL,'web:friend:delete',0,0,2,'2023-05-15 21:12:26',NULL),(84,48,'B','修改友链',NULL,NULL,NULL,'web:friend:update',0,0,3,'2023-05-15 21:13:50',NULL),(85,49,'B','添加说说',NULL,NULL,NULL,'web:talk:add',0,0,1,'2023-05-15 21:14:10',NULL),(86,49,'B','删除说说',NULL,NULL,NULL,'web:talk:delete',0,0,2,'2023-05-15 21:14:23',NULL),(87,49,'B','修改说说',NULL,NULL,NULL,'web:talk:update',0,0,3,'2023-05-15 21:14:36',NULL),(88,49,'B','编辑说说',NULL,NULL,NULL,'web:talk:edit',0,0,4,'2023-05-15 21:14:50',NULL),(89,49,'B','上传说说图片',NULL,NULL,NULL,'web:talk:upload',0,0,5,'2023-05-15 21:15:03',NULL),(90,49,'B','点赞说说',NULL,NULL,NULL,'web:talk:like',0,0,6,'2023-05-15 21:15:18',NULL),(91,50,'B','添加相册',NULL,NULL,NULL,'web:album:add',0,0,1,'2023-05-15 21:15:38',NULL),(92,50,'B','删除相册',NULL,NULL,NULL,'web:album:delete',0,0,2,'2023-05-15 21:15:52',NULL),(93,50,'B','修改相册',NULL,NULL,NULL,'web:album:update',0,0,3,'2023-05-15 21:16:06',NULL),(94,50,'B','编辑相册',NULL,NULL,NULL,'web:album:edit',0,0,4,'2023-05-15 21:16:18',NULL),(95,50,'B','上传相册封面',NULL,NULL,NULL,'web:album:upload',0,0,5,'2023-05-15 21:16:30',NULL),(96,51,'B','添加照片',NULL,NULL,NULL,'web:photo:add',0,0,1,'2023-05-15 21:16:52',NULL),(97,51,'B','删除照片',NULL,NULL,NULL,'web:photo:delete',0,0,2,'2023-05-15 21:17:05',NULL),(98,51,'B','修改照片',NULL,NULL,NULL,'web:photo:update',0,0,3,'2023-05-15 21:17:17',NULL),(99,51,'B','上传照片',NULL,NULL,NULL,'web:photo:upload',0,0,4,'2023-05-15 21:17:28',NULL);

/*Table structure for table `b_message` */

DROP TABLE IF EXISTS `b_message`;

CREATE TABLE `b_message` (
  `id` int NOT NULL AUTO_INCREMENT COMMENT '留言id',
  `nickname` varchar(50) CHARACTER SET utf8mb4 COLLATE utf8mb4_0900_ai_ci NOT NULL COMMENT '昵称',
  `avatar` varchar(255) CHARACTER SET utf8mb4 COLLATE utf8mb4_0900_ai_ci NOT NULL COMMENT '头像',
  `message_content` varchar(255) CHARACTER SET utf8mb4 COLLATE utf8mb4_0900_ai_ci NOT NULL COMMENT '留言内容',
  `ip_address` varchar(50) CHARACTER SET utf8mb4 COLLATE utf8mb4_0900_ai_ci NOT NULL COMMENT '用户ip',
  `ip_source` varchar(50) CHARACTER SET utf8mb4 COLLATE utf8mb4_0900_ai_ci NOT NULL COMMENT '用户地址',
  `is_check` tinyint(1) NOT NULL DEFAULT '1' COMMENT '是否通过 (0否 1是)',
  `create_time` datetime NOT NULL COMMENT '留言时间',
  `update_time` datetime DEFAULT NULL COMMENT '更新时间',
  PRIMARY KEY (`id`) USING BTREE
) ENGINE=InnoDB AUTO_INCREMENT=2 DEFAULT CHARSET=utf8mb4 COLLATE=utf8mb4_0900_ai_ci ROW_FORMAT=DYNAMIC;

/*Data for the table `b_message` */

insert  into `b_message`(`id`,`nickname`,`avatar`,`message_content`,`ip_address`,`ip_source`,`is_check`,`create_time`,`update_time`) values (1,'游客','http://127.0.0.1:8800/config/2dae97d7934e986c6140caba7b9b5e3a.jpg','测试留言功能','192.168.1.7','内网IP|内网IP',1,'2023-05-17 16:33:34',NULL);

/*Table structure for table `b_operation_log` */

DROP TABLE IF EXISTS `b_operation_log`;

CREATE TABLE `b_operation_log` (
  `id` int NOT NULL AUTO_INCREMENT COMMENT '操作id',
  `module` varchar(20) CHARACTER SET utf8mb4 COLLATE utf8mb4_0900_ai_ci NOT NULL COMMENT '操作模块',
  `type` varchar(20) CHARACTER SET utf8mb4 COLLATE utf8mb4_0900_ai_ci NOT NULL COMMENT '操作类型',
  `uri` varchar(255) CHARACTER SET utf8mb4 COLLATE utf8mb4_0900_ai_ci NOT NULL COMMENT '操作uri',
  `name` varchar(255) CHARACTER SET utf8mb4 COLLATE utf8mb4_0900_ai_ci NOT NULL COMMENT '方法名称',
  `description` varchar(255) CHARACTER SET utf8mb4 COLLATE utf8mb4_0900_ai_ci NOT NULL COMMENT '操作描述',
  `params` longtext CHARACTER SET utf8mb4 COLLATE utf8mb4_0900_ai_ci NOT NULL COMMENT '请求参数',
  `method` varchar(20) CHARACTER SET utf8mb4 COLLATE utf8mb4_0900_ai_ci NOT NULL COMMENT '请求方式',
  `data` longtext CHARACTER SET utf8mb4 COLLATE utf8mb4_0900_ai_ci NOT NULL COMMENT '返回数据',
  `user_id` int NOT NULL COMMENT '用户id',
  `nickname` varchar(50) CHARACTER SET utf8mb4 COLLATE utf8mb4_0900_ai_ci NOT NULL COMMENT '用户昵称',
  `ip_address` varchar(50) CHARACTER SET utf8mb4 COLLATE utf8mb4_0900_ai_ci NOT NULL COMMENT '操作ip',
  `ip_source` varchar(50) CHARACTER SET utf8mb4 COLLATE utf8mb4_0900_ai_ci NOT NULL COMMENT '操作地址',
  `times` int NOT NULL COMMENT '操作耗时 (毫秒)',
  `create_time` datetime NOT NULL COMMENT '操作时间',
  PRIMARY KEY (`id`) USING BTREE
) ENGINE=InnoDB AUTO_INCREMENT=10 DEFAULT CHARSET=utf8mb4 COLLATE=utf8mb4_0900_ai_ci ROW_FORMAT=DYNAMIC;

/*Data for the table `b_operation_log` */

insert  into `b_operation_log`(`id`,`module`,`type`,`uri`,`name`,`description`,`params`,`method`,`data`,`user_id`,`nickname`,`ip_address`,`ip_source`,`times`,`create_time`) values (1,'角色模块','修改','/admin/role/update','com.wuyun.controller.RoleController.updateRole','修改角色','[{\"id\":\"2\",\"isDisable\":0,\"menuIdList\":[1,7,8,62,9,10,53,2,15,69,72,16,3,11,12,13,28,29,30,31,17,4,35,36,37,38,5,44,45,6,47,48,49,90,50,51],\"roleDesc\":\"普通用户\",\"roleName\":\"user\"}]','PUT','{\"code\":200,\"flag\":true,\"msg\":\"操作成功\"}',1,'乌云','192.168.1.3','内网IP|内网IP',235,'2023-05-19 20:37:41'),(2,'角色模块','修改','/admin/role/update','com.wuyun.controller.RoleController.updateRole','修改角色','[{\"id\":\"2\",\"isDisable\":0,\"menuIdList\":[1,7,8,62,9,10,53,2,15,69,72,16,3,11,12,13,28,29,30,31,17,4,35,36,37,38,5,44,45,47,48,49,90,50,51],\"roleDesc\":\"普通用户\",\"roleName\":\"user\"}]','PUT','{\"code\":200,\"flag\":true,\"msg\":\"操作成功\"}',1,'乌云','192.168.1.3','内网IP|内网IP',21,'2023-05-19 20:38:34'),(3,'角色模块','修改','/admin/role/update','com.wuyun.controller.RoleController.updateRole','修改角色','[{\"id\":\"2\",\"isDisable\":0,\"menuIdList\":[1,7,8,62,9,10,53,2,15,69,72,16,3,11,12,13,28,29,30,31,17,4,35,36,37,38,5,44,45,6,47,48,49,90,50,51],\"roleDesc\":\"普通用户\",\"roleName\":\"user\"}]','PUT','{\"code\":200,\"flag\":true,\"msg\":\"操作成功\"}',1,'乌云','192.168.1.3','内网IP|内网IP',18,'2023-05-19 20:38:37'),(4,'定时任务模块','添加','/admin/task/add','com.wuyun.controller.TaskController.addTask','添加定时任务','[{\"concurrent\":0,\"cronExpression\":\"0/10 * * * * ? \",\"invokeTarget\":\"timedTask.test\",\"misfirePolicy\":3,\"remark\":\"测试任务\",\"status\":1,\"taskGroup\":\"SYSTEM\",\"taskName\":\"测试\"}]','POST','{\"code\":200,\"flag\":true,\"msg\":\"操作成功\"}',1,'乌云','192.168.1.3','内网IP|内网IP',138,'2023-05-21 20:11:07'),(5,'定时任务模块','修改','/admin/task/run','com.wuyun.controller.TaskController.runTask','执行定时任务','[{\"id\":1,\"taskGroup\":\"SYSTEM\"}]','PUT','{\"code\":200,\"flag\":true,\"msg\":\"操作成功\"}',1,'乌云','192.168.1.3','内网IP|内网IP',9,'2023-05-21 20:11:16'),(6,'定时任务模块','添加','/admin/task/add','com.wuyun.controller.TaskController.addTask','添加定时任务','[{\"concurrent\":0,\"cronExpression\":\"0 0 2 * * ?\",\"invokeTarget\":\"timedTask.clearVistiLog\",\"misfirePolicy\":3,\"remark\":\"清除一周前的访问日志\",\"status\":0,\"taskGroup\":\"SYSTEM\",\"taskName\":\"清除访问日志\"}]','POST','{\"code\":200,\"flag\":true,\"msg\":\"操作成功\"}',1,'乌云','192.168.1.3','内网IP|内网IP',7,'2023-05-21 20:12:18'),(7,'定时任务模块','添加','/admin/task/add','com.wuyun.controller.TaskController.addTask','添加定时任务','[{\"concurrent\":0,\"cronExpression\":\"0 0 0 * * ?\",\"invokeTarget\":\"timedTask.clear\",\"misfirePolicy\":3,\"remark\":\"清除redis中的游客记录\",\"status\":0,\"taskGroup\":\"SYSTEM\",\"taskName\":\"清除每日游客访问记录\"}]','POST','{\"code\":200,\"flag\":true,\"msg\":\"操作成功\"}',1,'乌云','192.168.1.3','内网IP|内网IP',6,'2023-05-21 20:12:57'),(8,'用户模块','修改','/admin/user/update','com.wuyun.controller.UserController.updateUserRole','修改用户','[{\"id\":1,\"nickname\":\"乌云1\",\"roleIdList\":[\"1\"]}]','PUT','{\"code\":200,\"flag\":true,\"msg\":\"操作成功\"}',1,'乌云','192.168.1.3','内网IP|内网IP',29,'2023-05-22 15:15:04'),(9,'用户模块','修改','/admin/user/update','com.wuyun.controller.UserController.updateUserRole','修改用户','[{\"id\":1,\"nickname\":\"乌云\",\"roleIdList\":[\"1\"]}]','PUT','{\"code\":200,\"flag\":true,\"msg\":\"操作成功\"}',1,'乌云','192.168.1.3','内网IP|内网IP',116,'2023-05-22 15:24:41');

/*Table structure for table `b_photo` */

DROP TABLE IF EXISTS `b_photo`;

CREATE TABLE `b_photo` (
  `id` int NOT NULL AUTO_INCREMENT COMMENT '照片id',
  `album_id` int NOT NULL COMMENT '相册id',
  `photo_name` varchar(20) CHARACTER SET utf8mb4 COLLATE utf8mb4_0900_ai_ci NOT NULL COMMENT '照片名',
  `photo_desc` varchar(50) CHARACTER SET utf8mb4 COLLATE utf8mb4_0900_ai_ci DEFAULT NULL COMMENT '照片描述',
  `photo_url` varchar(255) CHARACTER SET utf8mb4 COLLATE utf8mb4_0900_ai_ci NOT NULL COMMENT '照片链接',
  `create_time` datetime NOT NULL COMMENT '创建时间',
  `update_time` datetime DEFAULT NULL COMMENT '更新时间',
  PRIMARY KEY (`id`) USING BTREE
) ENGINE=InnoDB AUTO_INCREMENT=3 DEFAULT CHARSET=utf8mb4 COLLATE=utf8mb4_0900_ai_ci ROW_FORMAT=DYNAMIC;

/*Data for the table `b_photo` */

insert  into `b_photo`(`id`,`album_id`,`photo_name`,`photo_desc`,`photo_url`,`create_time`,`update_time`) values (1,1,'1658669914837426178',NULL,'http://127.0.0.1:8800/photo/67296b13433ec75e7b331d8bc45999f6.jpg','2023-05-17 11:04:59',NULL);

/*Table structure for table `b_role` */

DROP TABLE IF EXISTS `b_role`;

CREATE TABLE `b_role` (
  `id` varchar(20) CHARACTER SET utf8mb4 COLLATE utf8mb4_0900_ai_ci NOT NULL COMMENT '主键id',
  `role_name` varchar(20) CHARACTER SET utf8mb4 COLLATE utf8mb4_0900_ai_ci NOT NULL COMMENT '角色名称',
  `role_desc` varchar(50) CHARACTER SET utf8mb4 COLLATE utf8mb4_0900_ai_ci DEFAULT NULL COMMENT '角色描述',
  `is_disable` tinyint(1) NOT NULL DEFAULT '0' COMMENT '是否禁用 (0否 1是)',
  `create_time` datetime NOT NULL COMMENT '创建时间',
  `update_time` datetime DEFAULT NULL COMMENT '更新时间',
  PRIMARY KEY (`id`) USING BTREE
) ENGINE=InnoDB DEFAULT CHARSET=utf8mb4 COLLATE=utf8mb4_0900_ai_ci ROW_FORMAT=DYNAMIC;

/*Data for the table `b_role` */

insert  into `b_role`(`id`,`role_name`,`role_desc`,`is_disable`,`create_time`,`update_time`) values ('1','admin','管理员',0,'2023-05-10 14:43:38','2023-05-15 21:17:50'),('2','user','普通用户',0,'2023-05-10 14:44:29','2023-05-19 20:38:37');

/*Table structure for table `b_role_menu` */

DROP TABLE IF EXISTS `b_role_menu`;

CREATE TABLE `b_role_menu` (
  `id` int NOT NULL AUTO_INCREMENT COMMENT '主键',
  `role_id` varchar(20) CHARACTER SET utf8mb4 COLLATE utf8mb4_0900_ai_ci NOT NULL COMMENT '角色id',
  `menu_id` int NOT NULL COMMENT '菜单id',
  PRIMARY KEY (`id`) USING BTREE
) ENGINE=InnoDB AUTO_INCREMENT=1219 DEFAULT CHARSET=utf8mb4 COLLATE=utf8mb4_0900_ai_ci ROW_FORMAT=DYNAMIC;

/*Data for the table `b_role_menu` */

insert  into `b_role_menu`(`id`,`role_id`,`menu_id`) values (518,'1',1),(519,'1',7),(520,'1',8),(521,'1',54),(522,'1',55),(523,'1',56),(524,'1',57),(525,'1',58),(526,'1',59),(527,'1',60),(528,'1',61),(529,'1',62),(530,'1',9),(531,'1',63),(532,'1',64),(533,'1',65),(534,'1',10),(535,'1',66),(536,'1',67),(537,'1',68),(538,'1',53),(539,'1',2),(540,'1',15),(541,'1',69),(542,'1',70),(543,'1',71),(544,'1',72),(545,'1',16),(546,'1',73),(547,'1',74),(548,'1',3),(549,'1',11),(550,'1',14),(551,'1',19),(552,'1',20),(553,'1',21),(554,'1',12),(555,'1',22),(556,'1',23),(557,'1',24),(558,'1',25),(559,'1',13),(560,'1',26),(561,'1',27),(562,'1',28),(563,'1',29),(564,'1',30),(565,'1',31),(566,'1',17),(567,'1',32),(568,'1',33),(569,'1',34),(570,'1',4),(571,'1',35),(572,'1',39),(573,'1',36),(574,'1',40),(575,'1',37),(576,'1',41),(577,'1',38),(578,'1',42),(579,'1',43),(580,'1',5),(581,'1',44),(582,'1',46),(583,'1',45),(584,'1',75),(585,'1',76),(586,'1',77),(587,'1',78),(588,'1',79),(589,'1',6),(590,'1',47),(591,'1',80),(592,'1',81),(593,'1',48),(594,'1',82),(595,'1',83),(596,'1',84),(597,'1',49),(598,'1',85),(599,'1',86),(600,'1',87),(601,'1',88),(602,'1',89),(603,'1',90),(604,'1',50),(605,'1',91),(606,'1',92),(607,'1',93),(608,'1',94),(609,'1',95),(610,'1',51),(611,'1',96),(612,'1',97),(613,'1',98),(614,'1',99),(1183,'2',1),(1184,'2',7),(1185,'2',8),(1186,'2',62),(1187,'2',9),(1188,'2',10),(1189,'2',53),(1190,'2',2),(1191,'2',15),(1192,'2',69),(1193,'2',72),(1194,'2',16),(1195,'2',3),(1196,'2',11),(1197,'2',12),(1198,'2',13),(1199,'2',28),(1200,'2',29),(1201,'2',30),(1202,'2',31),(1203,'2',17),(1204,'2',4),(1205,'2',35),(1206,'2',36),(1207,'2',37),(1208,'2',38),(1209,'2',5),(1210,'2',44),(1211,'2',45),(1212,'2',6),(1213,'2',47),(1214,'2',48),(1215,'2',49),(1216,'2',90),(1217,'2',50),(1218,'2',51);

/*Table structure for table `b_site_config` */

DROP TABLE IF EXISTS `b_site_config`;

CREATE TABLE `b_site_config` (
  `id` int NOT NULL AUTO_INCREMENT COMMENT '主键',
  `user_avatar` varchar(255) CHARACTER SET utf8mb4 COLLATE utf8mb4_0900_ai_ci NOT NULL COMMENT '用户头像',
  `tourist_avatar` varchar(255) CHARACTER SET utf8mb4 COLLATE utf8mb4_0900_ai_ci NOT NULL COMMENT '游客头像',
  `site_name` varchar(20) CHARACTER SET utf8mb4 COLLATE utf8mb4_0900_ai_ci NOT NULL COMMENT '网站名称',
  `site_address` varchar(50) CHARACTER SET utf8mb4 COLLATE utf8mb4_0900_ai_ci NOT NULL COMMENT '网站地址',
  `site_intro` varchar(50) CHARACTER SET utf8mb4 COLLATE utf8mb4_0900_ai_ci NOT NULL COMMENT '网站简介',
  `site_notice` varchar(200) CHARACTER SET utf8mb4 COLLATE utf8mb4_0900_ai_ci NOT NULL COMMENT '网站公告',
  `create_site_time` varchar(20) CHARACTER SET utf8mb4 COLLATE utf8mb4_0900_ai_ci NOT NULL COMMENT '建站日期',
  `record_number` varchar(50) CHARACTER SET utf8mb4 COLLATE utf8mb4_0900_ai_ci NOT NULL COMMENT '备案号',
  `author_avatar` varchar(255) CHARACTER SET utf8mb4 COLLATE utf8mb4_0900_ai_ci NOT NULL COMMENT '作者头像',
  `site_author` varchar(50) CHARACTER SET utf8mb4 COLLATE utf8mb4_0900_ai_ci NOT NULL COMMENT '网站作者',
  `article_cover` varchar(255) CHARACTER SET utf8mb4 COLLATE utf8mb4_0900_ai_ci NOT NULL COMMENT '文章默认封面',
  `about_me` text CHARACTER SET utf8mb4 COLLATE utf8mb4_0900_ai_ci COMMENT '关于我',
  `github` varchar(50) CHARACTER SET utf8mb4 COLLATE utf8mb4_0900_ai_ci DEFAULT '' COMMENT 'Github',
  `gitee` varchar(50) CHARACTER SET utf8mb4 COLLATE utf8mb4_0900_ai_ci DEFAULT '' COMMENT 'Gitee',
  `bilibili` varchar(50) CHARACTER SET utf8mb4 COLLATE utf8mb4_0900_ai_ci DEFAULT '' COMMENT '哔哩哔哩',
  `qq` varchar(20) CHARACTER SET utf8mb4 COLLATE utf8mb4_0900_ai_ci DEFAULT NULL COMMENT 'QQ',
  `comment_check` tinyint(1) NOT NULL DEFAULT '1' COMMENT '是否评论审核 (0否 1是)',
  `message_check` tinyint(1) NOT NULL DEFAULT '1' COMMENT '是否留言审核 (0否 1是)',
  `is_reward` tinyint(1) NOT NULL DEFAULT '1' COMMENT '是否开启打赏 (0否 1是)',
  `wei_xin_code` varchar(255) CHARACTER SET utf8mb4 COLLATE utf8mb4_0900_ai_ci DEFAULT '' COMMENT '微信二维码',
  `ali_code` varchar(255) CHARACTER SET utf8mb4 COLLATE utf8mb4_0900_ai_ci DEFAULT '' COMMENT '支付宝二维码',
  `email_notice` tinyint(1) NOT NULL DEFAULT '1' COMMENT '是否邮箱通知 (0否 1是)',
  `social_list` varchar(50) CHARACTER SET utf8mb4 COLLATE utf8mb4_0900_ai_ci NOT NULL COMMENT '社交列表',
  `login_list` varchar(50) CHARACTER SET utf8mb4 COLLATE utf8mb4_0900_ai_ci NOT NULL COMMENT '登录方式',
  `is_music` tinyint(1) NOT NULL DEFAULT '1' COMMENT '是否开启音乐播放器 (0否 1是)',
  `music_id` varchar(20) CHARACTER SET utf8mb4 COLLATE utf8mb4_0900_ai_ci DEFAULT '' COMMENT '网易云歌单id',
  `create_time` datetime NOT NULL COMMENT '创建时间',
  `update_time` datetime DEFAULT NULL COMMENT '更新时间',
  PRIMARY KEY (`id`) USING BTREE
) ENGINE=InnoDB AUTO_INCREMENT=2 DEFAULT CHARSET=utf8mb4 COLLATE=utf8mb4_0900_ai_ci ROW_FORMAT=DYNAMIC;

/*Data for the table `b_site_config` */

insert  into `b_site_config`(`id`,`user_avatar`,`tourist_avatar`,`site_name`,`site_address`,`site_intro`,`site_notice`,`create_site_time`,`record_number`,`author_avatar`,`site_author`,`article_cover`,`about_me`,`github`,`gitee`,`bilibili`,`qq`,`comment_check`,`message_check`,`is_reward`,`wei_xin_code`,`ali_code`,`email_notice`,`social_list`,`login_list`,`is_music`,`music_id`,`create_time`,`update_time`) values (1,'http://127.0.0.1:8800/config/d475e0df4536699dcb23ef539d63bb74.jpg','http://127.0.0.1:8800/config/2dae97d7934e986c6140caba7b9b5e3a.jpg','乌云','','栏杆上精美的花纹，当工匠逝去以后，风和天空仍然在雕塑它','测试...','2023-05-14','备案还在申请','http://127.0.0.1:8800/config/b2cd1c6ba60eaaffe6172f15bedabcf4.jpg','乌云','http://127.0.0.1:8800/config/d3a76a747053cfac81e6e9f21595b243.png','测试...','https://github.com/DarkClouds-xx','https://gitee.com/','','1404359447',0,0,0,'https://darkx.cloud/config/994a286571b002e93281899cb402bd15.png','https://darkx.cloud/config/f0be9dc73e230d8821179b9303a9ff49.jpg',1,'gitee,bilibili,github,qq',',gitee,github,qq',1,'486228852','2023-01-07 19:31:33','2023-05-17 11:30:57');

/*Table structure for table `b_tag` */

DROP TABLE IF EXISTS `b_tag`;

CREATE TABLE `b_tag` (
  `id` int NOT NULL AUTO_INCREMENT COMMENT '标签id',
  `tag_name` varchar(20) CHARACTER SET utf8mb4 COLLATE utf8mb4_0900_ai_ci NOT NULL COMMENT '标签名',
  `create_time` datetime NOT NULL COMMENT '创建时间',
  `update_time` datetime DEFAULT NULL COMMENT '更新时间',
  PRIMARY KEY (`id`) USING BTREE,
  UNIQUE KEY `tag_name` (`tag_name`)
) ENGINE=InnoDB AUTO_INCREMENT=23 DEFAULT CHARSET=utf8mb4 COLLATE=utf8mb4_0900_ai_ci ROW_FORMAT=DYNAMIC;

/*Data for the table `b_tag` */

insert  into `b_tag`(`id`,`tag_name`,`create_time`,`update_time`) values (16,'测试标签','2023-05-15 13:10:57','2023-05-15 14:27:07'),(20,'项目','2023-05-15 14:42:21',NULL);

/*Table structure for table `b_talk` */

DROP TABLE IF EXISTS `b_talk`;

CREATE TABLE `b_talk` (
  `id` int NOT NULL AUTO_INCREMENT COMMENT '说说id',
  `user_id` int NOT NULL COMMENT '用户id',
  `talk_content` varchar(2000) CHARACTER SET utf8mb4 COLLATE utf8mb4_0900_ai_ci NOT NULL COMMENT '说说内容',
  `images` varchar(2500) CHARACTER SET utf8mb4 COLLATE utf8mb4_0900_ai_ci DEFAULT NULL COMMENT '说说图片',
  `is_top` tinyint(1) NOT NULL DEFAULT '0' COMMENT '是否置顶 (0否 1是)',
  `status` tinyint(1) NOT NULL DEFAULT '1' COMMENT '状态 (1公开  2私密)',
  `create_time` datetime NOT NULL COMMENT '发表时间',
  `update_time` datetime DEFAULT NULL COMMENT '更新时间',
  PRIMARY KEY (`id`) USING BTREE
) ENGINE=InnoDB AUTO_INCREMENT=6 DEFAULT CHARSET=utf8mb4 COLLATE=utf8mb4_0900_ai_ci ROW_FORMAT=DYNAMIC;

/*Data for the table `b_talk` */

insert  into `b_talk`(`id`,`user_id`,`talk_content`,`images`,`is_top`,`status`,`create_time`,`update_time`) values (4,1,'今天的伙食<img src=\"https://darkx.cloud/emoji/lianhong.png\" width=\"24\" height=\"24\" alt=\"[脸红]\" style=\"margin: 0 1px;vertical-align: text-bottom\">','[\"http://127.0.0.1:8800/talk/6857a4d477f93e2dd86f407b1beed8d2.png\"]',0,1,'2023-05-16 21:39:56',NULL),(5,1,'测试说说功能','[\"http://127.0.0.1:8800/talk/67296b13433ec75e7b331d8bc45999f6.jpg\"]',0,1,'2023-05-16 21:40:47',NULL);

/*Table structure for table `b_task` */

DROP TABLE IF EXISTS `b_task`;

CREATE TABLE `b_task` (
  `id` int NOT NULL AUTO_INCREMENT COMMENT '任务id',
  `task_name` varchar(64) CHARACTER SET utf8mb4 COLLATE utf8mb4_0900_ai_ci NOT NULL COMMENT '任务名称',
  `task_group` varchar(64) CHARACTER SET utf8mb4 COLLATE utf8mb4_0900_ai_ci NOT NULL DEFAULT 'DEFAULT' COMMENT '任务组名',
  `invoke_target` varchar(500) CHARACTER SET utf8mb4 COLLATE utf8mb4_0900_ai_ci NOT NULL COMMENT '调用目标',
  `cron_expression` varchar(255) CHARACTER SET utf8mb4 COLLATE utf8mb4_0900_ai_ci DEFAULT NULL COMMENT 'cron执行表达式',
  `misfire_policy` tinyint(1) NOT NULL DEFAULT '3' COMMENT '计划执行错误策略 (1立即执行 2执行一次 3放弃执行)',
  `concurrent` tinyint(1) NOT NULL DEFAULT '0' COMMENT '是否并发执行 (0否 1是)',
  `status` tinyint(1) NOT NULL DEFAULT '0' COMMENT '任务状态 (0运行 1暂停)',
  `remark` varchar(500) CHARACTER SET utf8mb4 COLLATE utf8mb4_0900_ai_ci DEFAULT NULL COMMENT '任务备注信息',
  `create_time` datetime DEFAULT NULL COMMENT '创建时间',
  `update_time` datetime DEFAULT NULL COMMENT '更新时间',
  PRIMARY KEY (`id`) USING BTREE
) ENGINE=InnoDB AUTO_INCREMENT=4 DEFAULT CHARSET=utf8mb4 COLLATE=utf8mb4_0900_ai_ci ROW_FORMAT=DYNAMIC;

/*Data for the table `b_task` */

insert  into `b_task`(`id`,`task_name`,`task_group`,`invoke_target`,`cron_expression`,`misfire_policy`,`concurrent`,`status`,`remark`,`create_time`,`update_time`) values (1,'测试','SYSTEM','timedTask.test','0/10 * * * * ? ',3,0,1,'测试任务','2023-05-21 20:11:07',NULL),(2,'清除访问日志','SYSTEM','timedTask.clearVistiLog','0 0 2 * * ?',3,0,0,'清除一周前的访问日志','2023-05-21 20:12:18',NULL),(3,'清除每日游客访问记录','SYSTEM','timedTask.clear','0 0 0 * * ?',3,0,0,'清除redis中的游客记录','2023-05-21 20:12:57',NULL);

/*Table structure for table `b_task_log` */

DROP TABLE IF EXISTS `b_task_log`;

CREATE TABLE `b_task_log` (
  `id` int NOT NULL AUTO_INCREMENT COMMENT '任务日志id',
  `task_name` varchar(64) CHARACTER SET utf8mb4 COLLATE utf8mb4_0900_ai_ci NOT NULL COMMENT '任务名称',
  `task_group` varchar(64) CHARACTER SET utf8mb4 COLLATE utf8mb4_0900_ai_ci NOT NULL COMMENT '任务组名',
  `invoke_target` varchar(255) CHARACTER SET utf8mb4 COLLATE utf8mb4_0900_ai_ci NOT NULL COMMENT '调用目标字符串',
  `task_message` varchar(255) CHARACTER SET utf8mb4 COLLATE utf8mb4_0900_ai_ci DEFAULT '' COMMENT '日志信息',
  `status` tinyint(1) DEFAULT '1' COMMENT '执行状态 (0失败 1正常)',
  `error_info` longtext CHARACTER SET utf8mb4 COLLATE utf8mb4_0900_ai_ci COMMENT '错误信息',
  `create_time` datetime DEFAULT NULL COMMENT '创建时间',
  PRIMARY KEY (`id`) USING BTREE
) ENGINE=InnoDB AUTO_INCREMENT=4 DEFAULT CHARSET=utf8mb4 COLLATE=utf8mb4_0900_ai_ci ROW_FORMAT=DYNAMIC;

/*Data for the table `b_task_log` */

insert  into `b_task_log`(`id`,`task_name`,`task_group`,`invoke_target`,`task_message`,`status`,`error_info`,`create_time`) values (1,'测试','SYSTEM','timedTask.test','测试 总共耗时：4毫秒',1,NULL,'2023-05-21 20:11:16'),(2,'清除每日游客访问记录','SYSTEM','timedTask.clear','清除每日游客访问记录 总共耗时：12毫秒',1,NULL,'2023-05-22 00:00:00'),(3,'清除访问日志','SYSTEM','timedTask.clearVistiLog','清除访问日志 总共耗时：35毫秒',1,NULL,'2023-05-22 02:00:00');

/*Table structure for table `b_user` */

DROP TABLE IF EXISTS `b_user`;

CREATE TABLE `b_user` (
  `id` int NOT NULL AUTO_INCREMENT COMMENT '用户id',
  `nickname` varchar(30) CHARACTER SET utf8mb4 COLLATE utf8mb4_0900_ai_ci NOT NULL COMMENT '用户昵称',
  `username` varchar(30) CHARACTER SET utf8mb4 COLLATE utf8mb4_0900_ai_ci NOT NULL COMMENT '用户名',
  `password` varchar(100) CHARACTER SET utf8mb4 COLLATE utf8mb4_0900_ai_ci NOT NULL COMMENT '用户密码',
  `avatar` varchar(255) CHARACTER SET utf8mb4 COLLATE utf8mb4_0900_ai_ci NOT NULL COMMENT '头像',
  `web_site` varchar(255) CHARACTER SET utf8mb4 COLLATE utf8mb4_0900_ai_ci DEFAULT '' COMMENT '个人网站',
  `intro` varchar(100) CHARACTER SET utf8mb4 COLLATE utf8mb4_0900_ai_ci DEFAULT '' COMMENT '个人简介',
  `email` varchar(50) CHARACTER SET utf8mb4 COLLATE utf8mb4_0900_ai_ci DEFAULT '' COMMENT '邮箱',
  `ip_address` varchar(50) CHARACTER SET utf8mb4 COLLATE utf8mb4_0900_ai_ci DEFAULT '' COMMENT '登录ip',
  `ip_source` varchar(50) CHARACTER SET utf8mb4 COLLATE utf8mb4_0900_ai_ci DEFAULT '' COMMENT '登录地址',
  `login_type` tinyint(1) NOT NULL DEFAULT '0' COMMENT '登录方式 (1邮箱 2QQ 3Gitee 4Github)',
  `is_disable` tinyint(1) NOT NULL DEFAULT '0' COMMENT '是否禁用 (0否 1是)',
  `login_time` datetime DEFAULT NULL COMMENT '登录时间',
  `create_time` datetime NOT NULL COMMENT '创建时间',
  `update_time` datetime DEFAULT NULL COMMENT '更新时间',
  PRIMARY KEY (`id`),
  UNIQUE KEY `nickname` (`nickname`)
) ENGINE=InnoDB AUTO_INCREMENT=26 DEFAULT CHARSET=utf8mb4 COLLATE=utf8mb4_0900_ai_ci ROW_FORMAT=DYNAMIC;

/*Data for the table `b_user` */

insert  into `b_user`(`id`,`nickname`,`username`,`password`,`avatar`,`web_site`,`intro`,`email`,`ip_address`,`ip_source`,`login_type`,`is_disable`,`login_time`,`create_time`,`update_time`) values (1,'乌云','admin@qq.com','8d969eef6ecad3c29a3a629280e686cf0c3f5d5a86aff3ca12020c923adc6c92','http://127.0.0.1:8800//config/b2cd1c6ba60eaaffe6172f15bedabcf4.jpg',NULL,NULL,'1404359447@qq.com','192.168.1.3','内网IP|内网IP',1,0,'2023-05-22 15:24:35','2022-11-29 21:45:48','2023-05-22 15:24:41'),(16,'测试用户','test@qq.com','8d969eef6ecad3c29a3a629280e686cf0c3f5d5a86aff3ca12020c923adc6c92','http://127.0.0.1:8800/config/d475e0df4536699dcb23ef539d63bb74.jpg','','','test@qq.com','192.168.1.3','内网IP|内网IP',1,0,'2023-05-18 17:18:13','2023-05-11 20:58:27','2023-05-18 17:18:13');

/*Table structure for table `b_user_role` */

DROP TABLE IF EXISTS `b_user_role`;

CREATE TABLE `b_user_role` (
  `id` int NOT NULL AUTO_INCREMENT COMMENT '主键',
  `user_id` int NOT NULL COMMENT '用户id',
  `role_id` varchar(20) CHARACTER SET utf8mb4 COLLATE utf8mb4_0900_ai_ci NOT NULL COMMENT '角色id',
  PRIMARY KEY (`id`) USING BTREE
) ENGINE=InnoDB AUTO_INCREMENT=21 DEFAULT CHARSET=utf8mb4 COLLATE=utf8mb4_0900_ai_ci ROW_FORMAT=DYNAMIC;

/*Data for the table `b_user_role` */

insert  into `b_user_role`(`id`,`user_id`,`role_id`) values (13,16,'2'),(14,17,'2'),(16,19,'2'),(17,1,'1'),(18,23,'2'),(19,24,'2'),(20,25,'2');

/*Table structure for table `b_visit_log` */

DROP TABLE IF EXISTS `b_visit_log`;

CREATE TABLE `b_visit_log` (
  `id` int NOT NULL AUTO_INCREMENT COMMENT 'id',
  `page` varchar(50) CHARACTER SET utf8mb4 COLLATE utf8mb4_0900_ai_ci DEFAULT NULL COMMENT '访问页面',
  `ip_address` varchar(50) CHARACTER SET utf8mb4 COLLATE utf8mb4_0900_ai_ci DEFAULT NULL COMMENT '访问ip',
  `ip_source` varchar(50) CHARACTER SET utf8mb4 COLLATE utf8mb4_0900_ai_ci DEFAULT NULL COMMENT '访问地址',
  `os` varchar(50) CHARACTER SET utf8mb4 COLLATE utf8mb4_0900_ai_ci DEFAULT NULL COMMENT '操作系统',
  `browser` varchar(50) CHARACTER SET utf8mb4 COLLATE utf8mb4_0900_ai_ci DEFAULT NULL COMMENT '浏览器',
  `create_time` datetime NOT NULL COMMENT '访问时间',
  PRIMARY KEY (`id`) USING BTREE
) ENGINE=InnoDB AUTO_INCREMENT=50 DEFAULT CHARSET=utf8mb4 COLLATE=utf8mb4_0900_ai_ci ROW_FORMAT=DYNAMIC;

/*Data for the table `b_visit_log` */

insert  into `b_visit_log`(`id`,`page`,`ip_address`,`ip_source`,`os`,`browser`,`create_time`) values (1,'留言','192.168.1.3','内网IP|内网IP','Windows NT ??','Edge 113','2023-05-19 21:04:37'),(2,'首页','192.168.1.3','内网IP|内网IP','Windows NT ??','Edge 113','2023-05-19 22:45:33'),(3,'首页','192.168.1.3','内网IP|内网IP','Windows NT ??','Edge 113','2023-05-19 22:45:34'),(4,'文章','192.168.1.3','内网IP|内网IP','Windows NT ??','Edge 113','2023-05-19 22:45:51'),(5,'文章','192.168.1.3','内网IP|内网IP','Windows NT ??','Edge 113','2023-05-19 22:46:41'),(6,'首页','192.168.1.3','内网IP|内网IP','Windows NT ??','Edge 113','2023-05-19 22:46:42'),(7,'文章分类','192.168.1.3','内网IP|内网IP','Windows NT ??','Edge 113','2023-05-19 22:47:01'),(8,'文章标签','192.168.1.3','内网IP|内网IP','Windows NT ??','Edge 113','2023-05-19 22:47:05'),(9,'归档','192.168.1.3','内网IP|内网IP','Windows NT ??','Edge 113','2023-05-19 22:47:07'),(10,'文章','192.168.1.3','内网IP|内网IP','Windows NT ??','Edge 113','2023-05-19 22:47:10'),(11,'文章','192.168.1.3','内网IP|内网IP','Windows NT ??','Edge 113','2023-05-21 21:46:14'),(12,'首页','192.168.1.3','内网IP|内网IP','Windows NT ??','Edge 113','2023-05-21 22:18:31'),(13,'文章','192.168.1.3','内网IP|内网IP','Windows NT ??','Edge 113','2023-05-21 22:19:49'),(14,'首页','192.168.1.3','内网IP|内网IP','Windows NT ??','Edge 113','2023-05-21 22:21:00'),(15,'留言','192.168.1.3','内网IP|内网IP','Windows NT ??','Edge 113','2023-05-21 22:21:39'),(16,'说说列表','192.168.1.3','内网IP|内网IP','Windows NT ??','Edge 113','2023-05-21 22:21:43'),(17,'说说','192.168.1.3','内网IP|内网IP','Windows NT ??','Edge 113','2023-05-21 22:21:47'),(18,'首页','192.168.1.3','内网IP|内网IP','Windows NT ??','Edge 113','2023-05-21 23:04:50'),(19,'首页','192.168.1.3','内网IP|内网IP','Windows NT ??','Edge 113','2023-05-22 00:45:24'),(20,'首页','192.168.1.3','内网IP|内网IP','Windows NT ??','Edge 113','2023-05-22 15:02:20'),(21,'首页','192.168.1.3','内网IP|内网IP','Windows NT ??','Edge 113','2023-05-22 15:02:27'),(22,'首页','192.168.1.3','内网IP|内网IP','Windows NT ??','Edge 113','2023-05-22 15:02:29'),(23,'首页','192.168.1.3','内网IP|内网IP','Windows NT ??','Edge 113','2023-05-22 15:02:43'),(24,'首页','192.168.1.3','内网IP|内网IP','Windows NT ??','Edge 113','2023-05-22 15:03:28'),(25,'首页','192.168.1.3','内网IP|内网IP','Windows NT ??','Edge 113','2023-05-22 15:05:54'),(26,'首页','192.168.1.3','内网IP|内网IP','Windows NT ??','Edge 113','2023-05-22 15:11:36'),(27,'首页','192.168.1.3','内网IP|内网IP','Windows NT ??','Edge 113','2023-05-22 15:11:42'),(28,'首页','192.168.1.3','内网IP|内网IP','Windows NT ??','Edge 113','2023-05-22 15:12:00'),(29,'首页','192.168.1.3','内网IP|内网IP','Windows NT ??','Edge 113','2023-05-22 15:12:03'),(30,'首页','192.168.1.3','内网IP|内网IP','Windows NT ??','Edge 113','2023-05-22 15:12:12'),(31,'首页','192.168.1.3','内网IP|内网IP','Windows NT ??','Edge 113','2023-05-22 15:15:11'),(32,'首页','192.168.1.3','内网IP|内网IP','Windows NT ??','Edge 113','2023-05-22 15:15:39'),(33,'首页','192.168.1.3','内网IP|内网IP','Windows NT ??','Edge 113','2023-05-22 15:24:48'),(34,'首页','192.168.1.3','内网IP|内网IP','Windows NT ??','Edge 113','2023-05-22 15:25:02'),(35,'首页','192.168.1.3','内网IP|内网IP','Windows NT ??','Edge 113','2023-05-22 15:25:25'),(36,'首页','192.168.1.3','内网IP|内网IP','Windows NT ??','Edge 113','2023-05-22 15:31:29'),(37,'首页','192.168.1.3','内网IP|内网IP','Windows NT ??','Edge 113','2023-05-22 15:31:30'),(38,'首页','192.168.1.3','内网IP|内网IP','Windows NT ??','Edge 113','2023-05-22 15:31:40'),(39,'首页','192.168.1.3','内网IP|内网IP','Windows NT ??','Edge 113','2023-05-22 15:32:21'),(40,'首页','192.168.1.3','内网IP|内网IP','Windows NT ??','Edge 113','2023-05-22 15:32:24'),(41,'首页','192.168.1.3','内网IP|内网IP','Windows NT ??','Edge 113','2023-05-22 15:32:52'),(42,'首页','192.168.1.3','内网IP|内网IP','Windows NT ??','Edge 113','2023-05-22 15:33:12'),(43,'首页','192.168.1.3','内网IP|内网IP','Windows NT ??','Edge 113','2023-05-22 16:05:57'),(44,'首页','192.168.1.3','内网IP|内网IP','Windows NT ??','Edge 113','2023-05-22 16:06:08'),(45,'首页','192.168.1.3','内网IP|内网IP','Windows NT ??','Edge 113','2023-05-22 16:17:51'),(46,'首页','192.168.1.3','内网IP|内网IP','Windows NT ??','Edge 113','2023-05-22 19:48:25'),(47,'文章','192.168.1.3','内网IP|内网IP','Windows NT ??','Edge 113','2023-05-22 19:48:34'),(48,'首页','192.168.1.3','内网IP|内网IP','Windows NT ??','Edge 113','2023-05-22 19:50:18'),(49,'文章','192.168.1.3','内网IP|内网IP','Windows NT ??','Edge 113','2023-05-22 19:50:20');

/*!40101 SET SQL_MODE=@OLD_SQL_MODE */;
/*!40014 SET FOREIGN_KEY_CHECKS=@OLD_FOREIGN_KEY_CHECKS */;
/*!40014 SET UNIQUE_CHECKS=@OLD_UNIQUE_CHECKS */;
/*!40111 SET SQL_NOTES=@OLD_SQL_NOTES */;
